0,Date,Location Address,LocationID,Habitat Complexity,Bed #,Location B/F/S/,Lengtht 1,Width 1,Width2,Veg Density,Shrub (m),% Bare ground,Notes,Area (m^2),Year,Area*Flwr_Density,Area*%Bare_Ground
Cheyenne,23-Jun,775 Haw Thicket,53,3,1,f,7.45,2.1,,100,,25,rectangular,15.645,2021,15.645,3.91125
Cheyenne,23-Jun,775 Haw Thicket,53,3,2,f,3.25,2.35,,75,,50,rectangular,7.6375,2021,5.728125,3.81875
Cheyenne,23-Jun,775 Haw Thicket,53,3,3,s,2.9,2.7,,50,,75,rectangular,7.83,2021,3.915,5.8725
"Elsbeth, Colby",23-Jun,7500 Milan Ave,143,4,1,f,10.7,3,,100,,50,,32.1,2021,32.1,16.05
"Elsbeth, Colby",23-Jun,7500 Milan Ave,143,4,2,s,14.9,3,,75,,50,,44.7,2021,33.525,22.35
"Elsbeth, Colby",23-Jun,7500 Milan Ave,143,4,3,s,8.2,3.5,,100,,25,Circle,26.8646625,2021,26.8646625,6.716165625
"Elsbeth, Colby",23-Jun,7500 Milan Ave,143,4,4,s,10.3,1.7,,100,,0,"only passion flower, no other flowering plants",17.51,2021,17.51,0
"Elsbeth, Colby",23-Jun,7500 Milan Ave,143,4,5,f,6.4,2.5,,100,,25,no flowering,16,2021,16,4
"Elsbeth, Colby",23-Jun,7500 Milan Ave,143,4,6,f,3.2,1.7,,,,,no flowering,5.44,2021,0,0
"Kyle, Haley",23-Jun,7500 Milan Ave,143,4,7,s,41.5,0.9,,50,2,15,rectangular,37.35,2021,18.675,5.6025
"Kyle, Haley",23-Jun,7500 Milan Ave,143,4,8,s,7.1,3.7,,75,,25,rectangular,26.27,2021,19.7025,6.5675
"Kyle, Haley",23-Jun,7500 Milan Ave,143,4,9,s,11.6,7.6,,75,2.77,50,rectangular,88.16,2021,66.12,44.08
"Cheyenne, NMS",23-Jun,1064 Charolais Dr,86,3,1,f,13,8,,100,,25,rectangular,104,2021,104,26
"Cheyenne, NMS",23-Jun,1064 Charolais Dr,86,3,2,f,11.3,4.5,,75,,50,light mulch in places,50.85,2021,38.1375,25.425
"Cheyenne, NMS",23-Jun,1064 Charolais Dr,86,3,3,f,6.55,5.55,,100,,25,St. John's Wort,36.3525,2021,36.3525,9.088125
"Cheyenne, NMS",23-Jun,1064 Charolais Dr,86,3,4,f,10.3,5.7,,25,0.97,75,"light mulch, triangle",29.355,2021,7.33875,22.01625
"Colby, Kyle(I dont think Kyle helped with this sheet, may have been someone else 6/23)",?,?,?(maybe 102),?,1,f,5.3,4.9,,?,?,100,,25.97,2021,#VALUE!,25.97
"Colby, Kyle(I dont think Kyle helped with this sheet, may have been someone else 6/23)",?,?,?(maybe 102),?,2,f,5.4,4.9,,?,?,100,,26.46,2021,#VALUE!,26.46
"Colby, Kyle(I dont think Kyle helped with this sheet, may have been someone else 6/23)",?,?,?(maybe 102),?,3,f,6.7,3.9,,?,?,100,,26.13,2021,#VALUE!,26.13
"Colby, Kyle(I dont think Kyle helped with this sheet, may have been someone else 6/23)",?,?,?(maybe 102),?,4,f,5.7,1.7,3.8,?,?,100,3.8 is bottom width,9.69,2021,#VALUE!,9.69
"Colby, Kyle(I dont think Kyle helped with this sheet, may have been someone else 6/23)",?,?,?(maybe 102),?,5,f,4.1,3.3,1.3,?,?,50,,13.53,2021,#VALUE!,6.765
"Colby, Kyle(I dont think Kyle helped with this sheet, may have been someone else 6/23)",?,?,?(maybe 102),?,6,s,19.3,1.2,,?,?,?,right side dw,23.16,2021,#VALUE!,#VALUE!
"Colby, Elspeth",6/23/2021,775 Haw Thicket,53,3,1,f,11.4,1.7,,100,,25,,19.38,2021,19.38,4.845
"Colby, Elspeth",6/23/2021,775 Haw Thicket,53,3,2,f,5.2,5.2,,100,,25,,27.04,2021,27.04,6.76
"Colby, Elspeth",6/23/2021,775 Haw Thicket,53,3,3,f,13.8,3.3,,100,,25,,45.54,2021,45.54,11.385
"Colby, Elspeth",6/23/2021,775 Haw Thicket,53,3,4,b,5,16.3,,100,,25,,81.5,2021,81.5,20.375
"Colby, Elspeth",6/23/2021,775 Haw Thicket,53,3,5,b,4.7,1.5,,100,,0,,7.05,2021,7.05,0
"Colby, Elspeth",6/23/2021,775 Haw Thicket,53,3,6,b,5.3,3.7,,100,,0,amsonia soloman seal (early),19.61,2021,19.61,0
"Colby, Elspeth",6/23/2021,775 Haw Thicket,53,3,7,b,3.3,3.9,,100,,25,,12.87,2021,12.87,3.2175
"Colby, Elspeth",6/23/2021,775 Haw Thicket,53,3,8,b,4.3,3.7,,100,,0,Triangle,7.955,2021,7.955,0
"Colby, Elspeth",6/23/2021,775 Haw Thicket,53,3,9,b,2.2,1.3,,100,,25,,2.86,2021,2.86,0.715
"Colby, Elspeth",6/23/2021,775 Haw Thicket,53,3,10,s,6.9,1.4,,100,,25,,9.66,2021,9.66,2.415
"Naomi, Cheyenne",6/22/2021,?,34,4,1,b,10.4,1.6,,25,,25,,16.64,2021,4.16,4.16
"Naomi, Cheyenne",6/22/2021,?,34,4,2,b,6.5,1.6,,50,,10,,10.4,2021,5.2,1.04
"Naomi, Cheyenne",6/22/2021,?,34,4,3,b,2.9,3,,25,,50,,8.7,2021,2.175,4.35
"Naomi, Cheyenne",6/22/2021,?,34,4,4,b,8.1,1.5,,75,,10,,12.15,2021,9.1125,1.215
"Kyle, Cheyenne",6/22/2021,617 Harper Avenue,30,?,1,b,14.5,3.5,,100,8 ft,10,rectangle,50.75,2021,50.75,5.075
"Kyle, Cheyenne",6/22/2021,617 Harper Avenue,30,?,2,b,8,3.5,,100,7,25,rectangle,28,2021,28,7
"Kyle, Cheyenne",6/22/2021,617 Harper Avenue,30,?,3,b,4.4,6.25,,100,6.5,25,rectangle,27.5,2021,27.5,6.875
"Kyle, Cheyenne",6/22/2021,617 Harper Avenue,30,?,4,b,2.6,3.8,,100,2,25,rectangle,9.88,2021,9.88,2.47
"Kyle, Cheyenne",6/22/2021,617 Harper Avenue,30,?,5,b,10.5,1.45,,100,5,25,rectangle,15.225,2021,15.225,3.80625
"Kyle, Cheyenne",6/22/2021,617 Harper Avenue,30,?,6,b,2.3,2.4,,100,1,5,Triangle,2.76,2021,2.76,0.138
"Kyle, Cheyenne",6/22/2021,617 Harper Avenue,30,?,7,b,5.5,2.9,,85,1,30,rectangle,15.95,2021,13.5575,4.785
"Kyle, Cheyenne",6/22/2021,617 Harper Avenue,30,?,8,b,8.4,4.5,,60,5,50,rectangle,37.8,2021,22.68,18.9
"Kyle, Cheyenne",6/22/2021,617 Harper Avenue,30,?,9,b,3.4,0.8,,70,3,40,rectangle,2.72,2021,1.904,1.088
"Kyle, Cheyenne",6/22/2021,617 Harper Avenue,30,?,10,b,1.7,1.7,,100,,10,rectangle,2.89,2021,2.89,0.289
"Naomi, Cheyenne",23-Jun,7500 Milan Ave,143,4,1,b,2.65,0.6,,25,,75,rectangle,1.59,2021,0.3975,1.1925
"Naomi, Cheyenne",23-Jun,7500 Milan Ave,143,4,2,b,15.1,3.5,,100,,25,rectangle,52.85,2021,52.85,13.2125
"Naomi, Cheyenne",23-Jun,7500 Milan Ave,143,4,3,b,16.7,10,,75,,50,rectangle,167,2021,125.25,83.5
"Naomi, Cheyenne",23-Jun,7500 Milan Ave,143,4,4,b,5.1,1.7,,100,,25,rectangle,8.67,2021,8.67,2.1675
"Naomi, Cheyenne",23-Jun,7500 Milan Ave,143,4,5,b,19,3,,50,,75,,57,2021,28.5,42.75
"Naomi, Cheyenne",23-Jun,7500 Milan Ave,143,4,6,b,10.35,3.7,,25,,75,"mostly nonflowering, amsonia/solidays",38.295,2021,9.57375,28.72125
"Naomi, Cheyenne",23-Jun,7500 Milan Ave,143,4,7,b,5.5,3.4,,25,,75,,18.7,2021,4.675,14.025
"Naomi, Cheyenne",23-Jun,7500 Milan Ave,143,4,8,b,3.9,3.8,,50,,25,,14.82,2021,7.41,3.705
"Colby, Elspeth",6/22/2021,5923 Marwinett,12,3,1,b,4.5,1.6,,25,,50,straw cover 75,7.2,2021,1.8,3.6
"Colby, Elspeth",6/22/2021,5923 Marwinett,12,3,2,b,13,0.9,,75,,25,,11.7,2021,8.775,2.925
"Colby, Elspeth",6/22/2021,5923 Marwinett,12,3,3,b,6.2,1,,100,,0,,6.2,2021,6.2,0
"Colby, Elspeth",6/22/2021,5923 Marwinett,12,3,4,b,5.7,3.5,,75,,25,,19.95,2021,14.9625,4.9875
"Colby, Elspeth",6/22/2021,5923 Marwinett,12,3,5,b,1.9,3.9,,50,,25,,7.41,2021,3.705,1.8525
"Colby, Elspeth",6/22/2021,5923 Marwinett,12,3,6,b,1.4,1.3,,75,,25,,1.82,2021,1.365,0.455
"Colby, Elspeth",6/23/2021,,27,3,1,f,10.6,1.25,,100,,25,,13.25,2021,13.25,3.3125
"Colby, Elspeth",6/23/2021,,27,3,2,f,2,2.5,,25,,75,,5,2021,1.25,3.75
"Colby, Elspeth",6/23/2021,,27,3,3,f,4.35,1,,100,,25,,4.35,2021,4.35,1.0875
"Colby, Elspeth",6/23/2021,,27,3,4,s,16.35,1.9,,100,,0,,31.065,2021,31.065,0
"Colby, Elspeth",6/23/2021,,27,3,5,s,11.1,2.8,,100,,25,,31.08,2021,31.08,7.77
"Colby, Elspeth",6/23/2021,,27,3,6,s,6.5,3.3,,100,,25,,21.45,2021,21.45,5.3625
"Colby, Elspeth",6/23/2021,,27,3,7,s,3.05,2.3,,75,,25,,7.015,2021,5.26125,1.75375
"Colby, Elspeth",6/23/2021,,27,3,8,s,1.45,1.45,,100,,0,,2.1025,2021,2.1025,0
"Colby, Elspeth",6/23/2021,,27,3,9,s,3.25,2.1,,50,,75,,6.825,2021,3.4125,5.11875
"Colby, Elspeth",6/23/2021,,27,3,10,s,1,0.5,,100,,25,,0.5,2021,0.5,0.125
"Colby, Elspeth",22-Jun,4930,34,3,1,f,3.9,1,,75,,25,,3.9,2021,2.925,0.975
"Colby, Elspeth",6/22/2021,4930,34,3,2,f,3.7,1,,100,,25,,3.7,2021,3.7,0.925
"Colby, Elspeth",6/22/2021,4930,34,3,3,f,3.6,1,,100,52in,0,hydrangea,3.6,2021,3.6,0
"Colby, Elspeth",6/22/2021,4930,34,3,4,f,2.9,1,,100,53in,0,hydrangea,2.9,2021,2.9,0
"Elspeth, Cheyanne",23-Jun,428 Breezewood Drive,102,4,1,f,35.2,5.8,,25,,100,,204.16,2021,51.04,204.16
"Elspeth, Cheyanne",23-Jun,428 Breezewood Drive,102,4,2,f,17.8,5.8,,100,,25,,103.24,2021,103.24,25.81
"Elspeth, Cheyanne",23-Jun,428 Breezewood Drive,102,4,3,f,4.8,5.3,,75,,25,,25.44,2021,19.08,6.36
"Elspeth, Cheyanne",23-Jun,428 Breezewood Drive,102,4,4,f,13.4,3.7,,75,,75,,49.58,2021,37.185,37.185
"Elspeth, Cheyanne",23-Jun,428 Breezewood Drive,102,4,5,f,12.1,3.4,,100,,75,,41.14,2021,41.14,30.855
"Elspeth, Cheyanne",23-Jun,428 Breezewood Drive,102,4,6,b,8.75,9,,25,,0,"pond.mulch,covered plants",78.75,2021,19.6875,0
"Colby, Elspeth",23-Jun,,86,3,1,b,4,2.8,,50,,75,,11.2,2021,5.6,8.4
"Colby, Elspeth",23-Jun,,86,3,2,b,5.1,2.8,,100,,25,Circle,14.28,2021,14.28,3.57
"Colby, Elspeth",23-Jun,,86,3,3,b,8,1.9,,100,,25,,15.2,2021,15.2,3.8
"Colby, Elspeth",23-Jun,,86,3,4,b,5.5,4.4,,50,,75,Triangle,12.1,2021,6.05,9.075
"Colby, Elspeth",23-Jun,,86,3,5,b,6.7,2.2,,25,,75,,14.74,2021,3.685,11.055
"Colby, Elspeth",23-Jun,,86,3,6,b,2.4,1.9,,25,,75,,4.56,2021,1.14,3.42
"Colby, Elspeth",23-Jun,,86,3,7,b,10.5,5.3,,25,,75,lots of nonflowering,55.65,2021,13.9125,41.7375
"Colby, Elspeth",23-Jun,,86,3,8,b,6.5,4.3,,25,,75,,27.95,2021,6.9875,20.9625
"Colby, Elspeth",23-Jun,,86,3,9,b,2.5,1.6,,100,,25,,4,2021,4,1
"Haley, Coldy",30-Jun,6410 Arthur Ave.,17,3,1,f,5,3.4,,75,,25,square,17,2021,12.75,4.25
"Haley, Coldy",30-Jun,6410 Arthur Ave.,17,3,2,f,2.3,0.7,,100,,0,square,1.61,2021,1.61,0
"Haley, Coldy",30-Jun,6410 Arthur Ave.,17,3,3,s,15.7,1,,75,,25,rectangle,15.7,2021,11.775,3.925
"Haley, Coldy",30-Jun,6410 Arthur Ave.,17,3,4,b,3.4,3.3,,50,,50,square,11.22,2021,5.61,5.61
"Haley, Coldy",30-Jun,6410 Arthur Ave.,17,3,5,b,11,1.8,,75,,25,rectangle,19.8,2021,14.85,4.95
"Haley, Coldy",30-Jun,6410 Arthur Ave.,17,3,6,b,4.3,2.5,,75,,25,square,10.75,2021,8.0625,2.6875
"Haley, Coldy",30-Jun,6410 Arthur Ave.,17,3,7,b,3.5,5.1,,50,,50,rectangle,17.85,2021,8.925,8.925
"Haley, Coldy",30-Jun,1124 Albeany Court,184,3,1,f,1.3,1.1,,25,,75,,1.43,2021,0.3575,1.0725
"Haley, Coldy",30-Jun,1124 Albeany Court,184,3,2,f,4.7,3.4,,100,,25,all non-functional bee plants,15.98,2021,15.98,3.995
"Haley, Coldy",30-Jun,1124 Albeany Court,184,3,3,f,5.5,4.1,,75,,25,all non-functional bee plants,22.55,2021,16.9125,5.6375
"Haley, Coldy",30-Jun,1124 Albeany Court,184,3,4,s,10.9,1.6,,75,,25,,17.44,2021,13.08,4.36
"Haley, Coldy",30-Jun,1124 Albeany Court,184,3,5,s,5.3,1.2,,50,,50,all non-functional bee plants,6.36,2021,3.18,3.18
"Haley, Coldy",30-Jun,1124 Albeany Court,184,3,6,s,4.4,1.1,,50,,75,,4.84,2021,2.42,3.63
"Haley, Coldy",30-Jun,1124 Albeany Court,184,3,7,b,20.2,8.3,,75,19.2,25,Main bed that was observed,167.66,2021,125.745,41.915
"Haley, Coldy",30-Jun,1124 Albeany Court,184,3,8,b,7.5,2,,75,16.15,75,,15,2021,11.25,11.25
"Haley, Coldy",30-Jun,1124 Albeany Court,184,3,9,b,6.6,1.4,,25,12.34,75,non-flowering,9.24,2021,2.31,6.93
"Haley, Coldy",30-Jun,1124 Albeany Court,184,3,10,b,4.9,1.6,,25,19.81,50,non-flowering,7.84,2021,1.96,3.92
"Haley, Colby",30-Jun,10057 Canterbury Farm Ct,42,3,1,f,2.4,1.6,,50,,50,,3.84,2021,1.92,1.92
"Haley, Colby",30-Jun,10057 Canterbury Farm Ct,42,3,2,f,4.9,2.2,,25,,50,,10.78,2021,2.695,5.39
"Haley, Colby",30-Jun,10057 Canterbury Farm Ct,42,3,3,f,1.8,1.7,,25,,75,in a plant pot,3.06,2021,0.765,2.295
"Haley, Colby",30-Jun,10057 Canterbury Farm Ct,42,3,4,f,5,2.5,,75,,50,mostly non-flowering,12.5,2021,9.375,6.25
"Haley, Colby",30-Jun,10057 Canterbury Farm Ct,42,3,5,f,3,4.3,,75,,50,,12.9,2021,9.675,6.45
"Haley, Colby",30-Jun,10057 Canterbury Farm Ct,42,3,6,s,8.3,1.2,,75,,25,,9.96,2021,7.47,2.49
"Haley, Colby",30-Jun,10057 Canterbury Farm Ct,42,3,7,b,4.5,6.2,,75,,50,,27.9,2021,20.925,13.95
"Haley, Colby",30-Jun,10057 Canterbury Farm Ct,42,3,8,b,4.9,3.9,,50,,75,,19.11,2021,9.555,14.3325
"Haley, Colby",30-Jun,10057 Canterbury Farm Ct,42,3,9,b,3.3,1.5,,25,,75,,4.95,2021,1.2375,3.7125
"Haley, Colby",30-Jun,10057 Canterbury Farm Ct,42,3,10,b,11.2,2.2,,75,,50,,24.64,2021,18.48,12.32
"Haley, Colby",30-Jun,10057 Canterbury Farm Ct,42,3,11,b,4.3,3.5,,50,,75,,15.05,2021,7.525,11.2875
"Haley, Colby",30-Jun,10057 Canterbury Farm Ct,42,3,12,b,3.1,1.4,,50,,50,,4.34,2021,2.17,2.17
"Haley, Colby",30-Jun,10057 Canterbury Farm Ct,42,3,13,b,9.1,3.3,,100,,25,,30.03,2021,30.03,7.5075
"Haley, Colby",30-Jun,10057 Canterbury Farm Ct,42,3,14,s,11.8,1,,75,,25,,11.8,2021,8.85,2.95
"Haley, Colby",30-Jun,10057 Canterbury Farm Ct,42,3,15,b,3.1,2.2,,100,,25,,6.82,2021,6.82,1.705
"Haley, Colby",30-Jun,10057 Canterbury Farm Ct,42,3,16,b,7.4,0.9,,100,,25,,6.66,2021,6.66,1.665
"Haley, Colby",30-Jun,10057 Canterbury Farm Ct,42,3,17,b,10.9,1.3,,75,,25,sectioned of circle bed,14.17,2021,10.6275,3.5425
"Elspeth, Scott",6/30/2021,1019 Cy Ann Drive,170,4,1,b,11.3,3.9,,100,,25,,44.07,2021,44.07,11.0175
"Elspeth, Scott",6/30/2021,1019 Cy Ann Drive,170,4,2,b,3,1.8,,75,,25,,5.4,2021,4.05,1.35
"Elspeth, Scott",6/30/2021,1019 Cy Ann Drive,170,4,3,b,3.5,2.3,,100,,0,,8.05,2021,8.05,0
"Elspeth, Scott",6/30/2021,1019 Cy Ann Drive,170,4,4,s,31.9,5.2,,100,,0,,165.88,2021,165.88,0
"Elspeth, Scott",6/30/2021,1019 Cy Ann Drive,170,4,5,b,5.2,2.6,,100,,0,,13.52,2021,13.52,0
"Elspeth, Scott",30-Jun,1019 Cy Ann Drive,170,4,6,b,4,2.7,,100,,25,,10.8,2021,10.8,2.7
"Elspeth, Scott",30-Jun,1019 Cy Ann Drive,170,4,7,b,1.7,1.05,,100,,25,,1.785,2021,1.785,0.44625
"Elspeth, Scott",30-Jun,1019 Cy Ann Drive,170,4,8,b,2.1,3.25,,100,,0,,6.825,2021,6.825,0
"Elspeth, Scott",30-Jun,1019 Cy Ann Drive,170,4,9,f,5.65,2.05,,75,,25,,11.5825,2021,8.686875,2.895625
"Elspeth, Scott",30-Jun,1019 Cy Ann Drive,170,4,10,f,9.1,2.8,,100,,0,,25.48,2021,25.48,0
"Elspeth, Scott",30-Jun,109 Meadowbrook CC Est.,23,4,1,b,6.3,8.2,,50,,50,,51.66,2021,25.83,25.83
"Elspeth, Scott",30-Jun,109 Meadowbrook CC Est. CC Est.,23,4,2,b,7.75,8.4,,50,,50,,65.1,2021,32.55,32.55
"Elspeth, Scott",30-Jun,109 Meadowbrook CC Est.,23,4,3,b,13.8,4.1,,75,,25,,56.58,2021,42.435,14.145
"Elspeth, Scott",30-Jun,109 Meadowbrook CC Est.Meadowbrook CC Est.,23,4,4,b,1.8,2.1,,25,,75,,3.78,2021,0.945,2.835
"Elspeth, Scott",30-Jun,109 Meadowbrook CC Est.,23,4,5,b,13.7,2.4,,50,,50,,32.88,2021,16.44,16.44
"Elspeth, Scott",30-Jun,109 Meadowbrook CC Est. CC Est.,23,4,6,b,6,6.8,,75,,25,,40.8,2021,30.6,10.2
"Elspeth, Scott",30-Jun,109 Meadowbrook CC Est.,23,4,7,b,2.6,2.5,,25,,75,,6.5,2021,1.625,4.875
"Elspeth, Scott",30-Jun,109 Meadowbrook CC Est. Meadowbrook CC Est.,23,4,8,b,2.1,1.5,,100,,0,,3.15,2021,3.15,0
"Elspeth, Scott",30-Jun,109 Meadowbrook CC Est.,23,4,9,b,2.4,5,,75,,25,,12,2021,9,3
"Elspeth, Scott",30-Jun,109 Meadowbrook CC Est. Meadowbrook CC Est.,23,4,10,b,22.1,3.4,,75,,25,,75.14,2021,56.355,18.785
"Elspeth, Scott",30-Jun,109 Meadowbrook CC Est.,23,4,11,b,9.5,3.3,,100,,0,,31.35,2021,31.35,0
"Elspeth, Scott",30-Jun,109 Meadowbrook CC Est. Meadowbrook CC Est.,23,4,12,b,3.1,2.9,,100,,0,,8.99,2021,8.99,0
"Elspeth, Scott",30-Jun,109 Meadowbrook CC Est.,23,4,13,b,14.8,6,,75,,25,,88.8,2021,66.6,22.2
"Elspeth, Scott",30-Jun,109 Meadowbrook CC Est.Meadowbrook CC Est.,23,4,14,b,5.5,3.5,,100,,0,,19.25,2021,19.25,0
"Naomi, Haley",14-Jul,3 Zuider Zee,158,3,1,b,4.3,2.9,,100,,0,,12.47,2021,12.47,0
"Naomi, Haley",14-Jul,3 Zuider Zee,158,3,2,b,3.4,3.3,,25,,75,Triangle,5.61,2021,1.4025,4.2075
"Naomi, Haley",14-Jul,3 Zuider Zee,158,3,3,f,4.7,3.3,,25,,75,,15.51,2021,3.8775,11.6325
"Naomi, Haley",14-Jul,3 Zuider Zee,158,3,4,b,4.7,2.6,,25,,75,rocky,12.22,2021,3.055,9.165
"Naomi, Haley",14-Jul,3 Zuider Zee,158,3,5,b,22.7,3.3,,100,,0,,74.91,2021,74.91,0
"Naomi, Haley",14-Jul,3 Zuider Zee,158,3,6,b,6.7,3.9,,75,,50,,26.13,2021,19.5975,13.065
"Naomi, Haley",14-Jul,3 Zuider Zee,158,3,7,b,9.7,5.4,,75,,50,,52.38,2021,39.285,26.19
"Naomi, Haley",14-Jul,3 Zuider Zee,158,3,8,f,5.7,2.9,,25,0.914,75,,16.53,2021,4.1325,12.3975
"Naomi, Haley",19-Jul,"Marie's wedge (@38.5847929,-90.2889435,20z)",124.1,4,1,one plot,9.6,6.6,,75,,75,Triangle,31.68,2021,23.76,23.76
"Naomi, Haley",19-Jul,"Marie's wedge (@38.5847929,-90.2889435,20z)",124.1,4,2,one plot,6.9,2.9,,25,,100,,20.01,2021,5.0025,20.01
"Naomi, Haley",19-Jul,"Marie's wedge (@38.5847929,-90.2889435,20z)",124.1,4,3,one plot,8.6,3.6,,25,,100,,30.96,2021,7.74,30.96
"Naomi, Haley",19-Jul,"Marie's wedge (@38.5847929,-90.2889435,20z)",124.1,4,4,one plot,12.1,4.7,,100,,25,,56.87,2021,56.87,14.2175
"Naomi, Haley",19-Jul,"Marie's wedge (@38.5847929,-90.2889435,20z)",124.1,4,5,one plot,17.8,2.7,,100,,25,,48.06,2021,48.06,12.015
"Naomi, Haley",19-Jul,"Marie's wedge (@38.5847929,-90.2889435,20z)",124.1,4,6,one plot,10.9,6.1,,75,,25,Triangle,33.245,2021,24.93375,8.31125
"Naomi, Haley",19-Jul,"Marie's wedge (@38.5847929,-90.2889435,20z)",124.1,4,7,one plot,11.2,1.4,,75,,25,Triangle,7.84,2021,5.88,1.96
"Naomi, Haley",19-Jul,"4159 McDonald Avenue, St Louis MO 63116",97,4,1,b,10.3,8.1,,100,,25,,83.43,2021,83.43,20.8575
"Naomi, Haley",19-Jul,"4159 McDonald Avenue, St Louis MO 63116",97,4,2,b,8.5,5.8,,100,,25,,49.3,2021,49.3,12.325
"Naomi, Haley",19-Jul,"4159 McDonald Avenue, St Louis MO 63116",97,4,3,f,4,3,,100,,25,,12,2021,12,3
"Naomi, Haley",19-Jul,"4159 McDonald Avenue, St Louis MO 63116",97,4,4,f,5.7,4.9,,100,,25,Triangle,13.965,2021,13.965,3.49125
"Naomi, Haley",19-Jul,"4159 McDonald Avenue, St Louis MO 63116",97,4,5,f,9.1,8.1,,100,,25,,73.71,2021,73.71,18.4275
"Naomi, Haley",19-Jul,"4159 McDonald Avenue, St Louis MO 63116",97,4,6,f,7.1,1.8,,100,,25,,12.78,2021,12.78,3.195
"Naomi, Haley",19-Jul,"4159 McDonald Avenue, St Louis MO 63116",97,4,7,f,3.9,1.5,,100,,25,,5.85,2021,5.85,1.4625
"Naomi, Haley",19-Jul,1455 Gregg Ave St. Louis MO 63139,18,4,1,f,6.6,1.4,,100,,0,,9.24,2021,9.24,0
"Naomi, Haley",19-Jul,1455 Gregg Ave St. Louis MO 63139,18,4,2,f,0.7,2.3,,100,,0,,1.61,2021,1.61,0
"Naomi, Haley",19-Jul,1455 Gregg Ave St. Louis MO 63139,18,4,3,f,8,1.2,,100,,25,,9.6,2021,9.6,2.4
"Naomi, Haley",19-Jul,1455 Gregg Ave St. Louis MO 63139,18,4,4,f,3.2,1,,100,,25,,3.2,2021,3.2,0.8
"Naomi, Haley",19-Jul,1455 Gregg Ave St. Louis MO 63139,18,4,5,f,1.1,3.1,,100,,25,,3.41,2021,3.41,0.8525
"Naomi, Haley",19-Jul,1455 Gregg Ave St. Louis MO 63139,18,4,6,f,4.4,0.7,,100,,25,,3.08,2021,3.08,0.77
"Naomi, Haley",19-Jul,1455 Gregg Ave St. Louis MO 63139,18,4,7,s,4.8,1,,100,,25,,4.8,2021,4.8,1.2
"Naomi, Haley",19-Jul,1455 Gregg Ave St. Louis MO 63139,18,4,8,s,9.8,2.2,,100,,25,,21.56,2021,21.56,5.39
"Naomi, Haley",19-Jul,1455 Gregg Ave St. Louis MO 63139,18,4,9,s,11.8,1.9,,100,,25,,22.42,2021,22.42,5.605
"Naomi, Haley",19-Jul,1455 Gregg Ave St. Louis MO 63139,18,4,10,b,11.4,8,,100,,25,,91.2,2021,91.2,22.8
"Naomi, Haley",19-Jul,1455 Gregg Ave St. Louis MO 63139,18,4,11,b,8.5,1.4,,100,,0,,11.9,2021,11.9,0
"Naomi, Haley",19-Jul,1455 Gregg Ave St. Louis MO 63139,18,4,12,b,7.6,5.5,,100,,25,,41.8,2021,41.8,10.45
"Naomi, Haley",19-Jul,1455 Gregg Ave St. Louis MO 63139,18,4,13,f,3.1,1.6,,100,,25,,4.96,2021,4.96,1.24
"Kyle, Colby, Elspeth",7/20/2021,3038 Meadow Wood Drive,145,3,1,b,2,1.8,,100,,0,,3.6,2021,3.6,0
"Kyle, Colby, Elspeth",7/20/2021,3038 Meadow Wood Drive,145,3,2,b,2.2,2,,100,,0,,4.4,2021,4.4,0
"Kyle, Colby, Elspeth",7/20/2021,3038 Meadow Wood Drive,145,3,3,b,20.9,2.4,,75,,25,,50.16,2021,37.62,12.54
"Kyle, Colby, Elspeth",7/20/2021,3038 Meadow Wood Drive,145,3,4,b,5.2,2,,25,,25,,10.4,2021,2.6,2.6
"Kyle, Colby, Elspeth",7/20/2021,3038 Meadow Wood Drive,145,3,5,s,2.3,12.1,,75,,25,,27.83,2021,20.8725,6.9575
"Kyle, Colby, Elspeth",7/20/2021,3038 Meadow Wood Drive,145,3,6,f,0.4,1.9,,100,,0,,0.76,2021,0.76,0
"Kyle, Colby, Elspeth",7/20/2021,3038 Meadow Wood Drive,145,3,7,f,1.8,3.5,,25,,75,,6.3,2021,1.575,4.725
"Kyle, Colby, Elspeth",7/20/2021,3038 Meadow Wood Drive,145,3,8,f,2,2.4,,75,,25,,4.8,2021,3.6,1.2
"Kyle, Colby, Elspeth",7/20/2021,3038 Meadow Wood Drive,145,3,9,f,2,5,,25,,75,,10,2021,2.5,7.5
"Kyle, Colby, Elspeth",7/20/2021,3145 Lansing Drive,146,2,1,f,2.3,3.6,,100,,0,,8.28,2021,8.28,0
"Kyle, Colby, Elspeth",7/20/2021,3145 Lansing Drive,146,2,2,f,6.9,4.2,,75,,25,,28.98,2021,21.735,7.245
"Kyle, Colby, Elspeth",7/20/2021,3145 Lansing Drive,146,2,3,f,4.2,2.7,,100,,0,,11.34,2021,11.34,0
"Kyle, Colby, Elspeth",7/20/2021,3145 Lansing Drive,146,2,4,f,1.9,4.8,,100,,0,,9.12,2021,9.12,0
"Kyle, Colby, Elspeth",7/20/2021,3145 Lansing Drive,146,2,5,s,7,1.9,,75,,25,,13.3,2021,9.975,3.325
"Kyle, Colby, Elspeth",7/20/2021,3145 Lansing Drive,146,2,6,s,3.5,2.8,,75,,25,,9.8,2021,7.35,2.45
"Kyle, Colby, Elspeth",7/20/2021,3145 Lansing Drive,146,2,7,b,6.7,2.6,,75,,25,,17.42,2021,13.065,4.355
"Kyle, Colby, Elspeth",7/20/2021,3145 Lansing Drive,146,2,8,b,4.2,3.6,,25,,0,,15.12,2021,3.78,0
"Kyle, Colby, Elspeth",7/20/2021,3145 Lansing Drive,146,2,9,b,1,1,,25,,25,,1,2021,0.25,0.25
"Kyle, Colby, Elspeth",7/20/2021,3145 Lansing Drive,146,2,10,b,4.2,1.6,,25,,75,,6.72,2021,1.68,5.04
"Kyle, Colby, Elspeth",7/20/2021,3145 Lansing Drive,146,2,11,b,6.8,2.7,,50,,50,,18.36,2021,9.18,9.18
"Kyle, Colby, Elspeth",7/20/2021,3145 Lansing Drive,146,2,12,b,3,3,,100,,0,,9,2021,9,0
"Kyle, Colby, Elspeth",7/20/2021,3145 Lansing Drive,146,2,13,b,3,3,,100,,0,,9,2021,9,0
"Kyle, Colby, Elspeth",7/20/2021,56 Soenker Circle St. ,31,3,1,b,6.2,2.5,,75,,25,,15.5,2021,11.625,3.875
"Kyle, Colby, Elspeth",7/20/2021,56 Soenker Circle St. ,31,3,2,b,3.7,2.5,,50,,10,,9.25,2021,4.625,0.925
"Kyle, Colby, Elspeth",7/20/2021,56 Soenker Circle St. ,31,3,3,b,7.1,4.8,,50,,50,,34.08,2021,17.04,17.04
"Kyle, Colby, Elspeth",7/20/2021,56 Soenker Circle St. ,31,3,4,b,6.5,1.7,,25,,25,,11.05,2021,2.7625,2.7625
"Kyle, Colby, Elspeth",7/20/2021,3517 Adroit Ct. ,76,3,1,f,0.9,1,,100,,0,,0.9,2021,0.9,0
"Kyle, Colby, Elspeth",7/20/2021,3517 Adroit Ct.,76,3,2,s,5.9,0.7,,25,,75,,4.13,2021,1.0325,3.0975
"Kyle, Colby, Elspeth",7/20/2021,3517 Adroit Ct. ,76,3,3,b,0.4,0.75,,50,,50,,0.3,2021,0.15,0.15
"Kyle, Colby, Elspeth",7/20/2021,3517 Adroit Ct. ,76,3,4,b,1,1.7,,50,,50,,1.7,2021,0.85,0.85
"Kyle, Colby, Elspeth",7/20/2021,3517 Adroit Ct. ,76,3,5,b,3.3,4.7,,50,,50,Triangle,7.755,2021,3.8775,3.8775
"Kyle, Colby, Elspeth",7/20/2021,3517 Adroit Ct. ,76,3,6,b,2.3,4.1,,100,,0,only oak leaf hydrangea (nonfunction) ,9.43,2021,9.43,0
"Kyle, Colby, Elspeth",7/20/2021,4372 Caracalla Dr. ,35,3,1,b,2.9,-2.2,,,,,Empty Space,-6.38,2021,0,0
"Kyle, Colby, Elspeth",7/20/2021,4372 Caracalla Dr.,35,3,2,b,9.8,-4.9,,,,,Empty Space,-48.02,2021,0,0
"Kyle, Colby, Elspeth",7/20/2021,4372 Caracalla Dr. ,35,3,3,b,3.6,-7,,25,,75,Empty Space,-25.2,2021,-6.3,-18.9
"Kyle, Colby, Elspeth",7/20/2021,4372 Caracalla Dr. ,35,3,4,b,3.7,2.9,,50,,50,Circle,8.54865,2021,4.274325,4.274325
"Haley, Naomi",7/21/2021,428 Breezewood Dr,102,4,1,f,4.2,2.8,,100,,25,Circle,9.61625,2021,9.61625,2.4040625
"Haley, Naomi",7/21/2021,428 Breezewood Dr,102,4,2,f,5.3,4.4,,50,,50,,23.32,2021,11.66,11.66
"Haley, Naomi",7/21/2021,428 Breezewood Dr,102,4,3,f,25.2,3.6,,100,,25,,90.72,2021,90.72,22.68
"Haley, Naomi",7/21/2021,428 Breezewood Dr,102,4,4,b,3.1,2.6,,100,,0,,8.06,2021,8.06,0
"Haley, Naomi",7/21/2021,428 Breezewood Dr,102,4,5,s,4.1,5,,100,,0,,20.5,2021,20.5,0
"Haley, Naomi",7/21/2021,428 Breezewood Dr,102,4,6,s,6.3,0.6,,100,,0,,3.78,2021,3.78,0
"Haley, Naomi",7/21/2021,428 Breezewood Dr,102,4,7,b,11.2,2.3,,100,,0,,25.76,2021,25.76,0
"Haley, Naomi",7/21/2021,428 Breezewood Dr,102,4,8,b,3.7,3.4,,100,,0,,12.58,2021,12.58,0
"Haley, Naomi",7/21/2021,428 Breezewood Dr,102,4,9,b,23.5,6.1,,100,,25,,143.35,2021,143.35,35.8375
"Haley, Naomi",7/21/2021,428 Breezewood Dr,102,4,10,b,11,3.5,,100,,0,,38.5,2021,38.5,0
"Haley, Naomi",7/21/2021,428 Breezewood Dr,102,4,11,f,8.2,2.4,,100,,0,,19.68,2021,19.68,0
"Haley, Naomi",7/21/2021,428 Breezewood Dr,102,4,12,f,16.3,2.4,,100,,0,,39.12,2021,39.12,0
"Haley, Naomi",7/21/2021,428 Breezewood Dr,102,4,13,f,12.2,0.6,,100,,0,,7.32,2021,7.32,0
"Haley, Naomi",7/21/2021,428 Breezewood Dr,102,4,14,f,4.6,2.1,,100,,0,Circle,8.8096625,2021,8.8096625,0
Haley,7/21/2021,16560 Birchwood Forest,19,2,1,f,6.3,1.4,,50,,50,,8.82,2021,4.41,4.41
Haley,7/21/2021,16560 Birchwood Forest,19,2,2,f,5.6,2.4,,50,,50,,13.44,2021,6.72,6.72
Haley,7/21/2021,16560 Birchwood Forest,19,2,3,f,6.1,2.4,,75,,25,,14.64,2021,10.98,3.66
Haley,7/21/2021,16560 Birchwood Forest,19,2,4,f,4.9,2,,75,,25,,9.8,2021,7.35,2.45
Haley,7/21/2021,16560 Birchwood Forest,19,2,5,b,5.8,2.3,,75,,50,,13.34,2021,10.005,6.67
Haley,7/21/2021,16560 Birchwood Forest,19,2,6,b,6,0.8,,75,,25,,4.8,2021,3.6,1.2
Haley,7/21/2021,16560 Birchwood Forest,19,2,7,b,3.1,1.8,,75,,25,,5.58,2021,4.185,1.395
"Colby, Elspeth",7/23/2021,4855 Danebury Dr.,154,3,1,b,15.3,4.1,,100,,0,,62.73,2021,62.73,0
"Colby, Elspeth",7/23/2021,4855 Danebury Dr.,154,3,2,b,8.7,7,,100,,0,,60.9,2021,60.9,0
"Colby, Elspeth",7/23/2021,4855 Danebury Dr.,154,3,3,b,2.7,1.8,,100,,0,,4.86,2021,4.86,0
"Colby, Elspeth",7/23/2021,4855 Danebury Dr.,154,3,4,b,0.8,3.2,,25,,75,,2.56,2021,0.64,1.92
"Colby, Elspeth",7/23/2021,17 Plant Ave,26,3,1,f,11.9,1.1,,50,,50,,13.09,2021,6.545,6.545
"Colby, Elspeth",7/23/2021,17 Plant Ave,26,3,2,s,5,1.3,,25,,75,,6.5,2021,1.625,4.875
"Colby, Elspeth",7/23/2021,17 Plant Ave,26,3,3,b,1.8,-2,,,,,Empty Space,-3.6,2021,0,0
"Colby, Elspeth",7/23/2021,17 Plant Ave,26,3,4,b,1.8,4.8,,75,,25,,8.64,2021,6.48,2.16
"Colby, Elspeth",7/23/2021,17 Plant Ave,26,3,5,b,4,10.7,,100,,0,,42.8,2021,42.8,0
"Colby, Elspeth",7/23/2021,17 Plant Ave,26,3,6,f,3.6,2.5,,25,,25,,9,2021,2.25,2.25
"Scott, Elspeth",7/15/2021,10057 Canterbury Farms Ct,42,3,1,b,8.7,1.8,,25,,75,,15.66,2021,3.915,11.745
"Scott, Elspeth",7/15/2021,10057 Canterbury Farms Ct,42,3,2,b,1.5,3.4,,25,,75,,5.1,2021,1.275,3.825
"Scott, Elspeth",7/15/2021,10057 Canterbury Farms Ct,42,3,3,b,3,2.1,,25,,75,,6.3,2021,1.575,4.725
"Scott, Elspeth",7/15/2021,10057 Canterbury Farms Ct,42,3,4,b,5.2,1.5,,100,,0,,7.8,2021,7.8,0
"Scott, Elspeth",7/15/2021,10057 Canterbury Farms Ct,42,3,5,b,16,1,,100,,0,,16,2021,16,0
"Scott, Elspeth",7/15/2021,10057 Canterbury Farms Ct,42,3,6,b,12.2,1,,50,,50,,12.2,2021,6.1,6.1
"Scott, Elspeth",7/15/2021,10057 Canterbury Farms Ct,42,3,7,b,4.3,6.6,,50,,50,,28.38,2021,14.19,14.19
"Scott, Elspeth",7/15/2021,10057 Canterbury Farms Ct,42,3,8,b,1,1,,25,,75,,1,2021,0.25,0.75
"Scott, Elspeth",7/15/2021,10057 Canterbury Farms Ct,42,3,9,f,8.5,1,,75,,25,,8.5,2021,6.375,2.125
"Scott, Elspeth",7/15/2021,10057 Canterbury Farms Ct,42,3,10,f,4.2,3.2,,50,,50,,13.44,2021,6.72,6.72
"Scott, Elspeth",7/15/2021,10057 Canterbury Farms Ct,42,3,11,f,2.5,5.1,,25,,75,,12.75,2021,3.1875,9.5625
"Scott, Elspeth",7/15/2021,10057 Canterbury Farms Ct,42,3,12,f,7.4,1.5,,25,,75,,11.1,2021,2.775,8.325
"Scott, Elspeth",7/15/2021,10057 Canterbury Farms Ct,42,3,13,f,1.4,1.3,,50,,50,,1.82,2021,0.91,0.91
"Scott, Elspeth",7/15/2021,10057 Canterbury Farms Ct,42,3,14,f,1.2,1.8,,25,,75,,2.16,2021,0.54,1.62
"Kyle, Elspeth, Scott",7/15/2021,705 Nimbus Ct.,84,3,1,b,13,5.2,,75,,50,,67.6,2021,50.7,33.8
"Kyle, Elspeth, Scott",7/15/2021,705 Nimbus Ct.,84,3,2,b,1.9,1,,75,,50,,1.9,2021,1.425,0.95
"Kyle, Elspeth, Scott",7/15/2021,705 Nimbus Ct.,84,3,3,b,3.5,1,,100,,25,,3.5,2021,3.5,0.875
"Kyle, Elspeth, Scott",7/15/2021,705 Nimbus Ct.,84,3,4,b,1.9,0.9,,100,,25,,1.71,2021,1.71,0.4275
"Kyle, Elspeth, Scott",7/15/2021,705 Nimbus Ct.,84,3,5,b,3.2,1,,100,,25,,3.2,2021,3.2,0.8
"Kyle, Elspeth, Scott",7/15/2021,705 Nimbus Ct.,84,3,6,b,2.3,1,,100,,25,,2.3,2021,2.3,0.575
"Kyle, Elspeth, Scott",7/15/2021,705 Nimbus Ct.,84,3,7,b,2.6,0.6,,100,,25,,1.56,2021,1.56,0.39
"Kyle, Elspeth, Scott",7/15/2021,705 Nimbus Ct.,84,3,8,b,2.6,1.6,,100,,25,,4.16,2021,4.16,1.04
"Kyle, Elspeth, Scott",7/15/2021,705 Nimbus Ct.,84,3,9,b,10.5,1,,75,,25,,10.5,2021,7.875,2.625
"Kyle, Elspeth, Scott",7/15/2021,705 Nimbus Ct.,84,3,10,b,6,1.5,,75,,25,,9,2021,6.75,2.25
"Kyle, Elspeth, Scott",7/15/2021,705 Nimbus Ct.,84,3,11,s,2.6,5.1,,100,,25,,13.26,2021,13.26,3.315
"Kyle, Elspeth, Scott",7/15/2021,705 Nimbus Ct.,84,3,12,s,0.9,4.4,,75,,25,,3.96,2021,2.97,0.99
"Kyle, Elspeth, Scott",7/15/2021,705 Nimbus Ct.,84,3,13,f,7.5,1.6,,50,,25,,12,2021,6,3
"Kyle, Elspeth, Scott",7/15/2021,705 Nimbus Ct.,84,3,14,f,6.3,1,,100,,25,,6.3,2021,6.3,1.575
"Kyle, Elspeth, Scott",7/15/2021,705 Nimbus Ct.,84,3,15,f,0.9,2,,75,,50,,1.8,2021,1.35,0.9
"Kyle, Elspeth, Scott",7/15/2021,705 Nimbus Ct.,84,3,16,f,1.9,19,,100,,25,,36.1,2021,36.1,9.025
"Kyle, Elspeth, Scott",7/15/2021,705 Nimbus Ct.,84,3,17,f,0.9,0.9,,100,,25,,0.81,2021,0.81,0.2025
"Kyle, Elspeth, Scott",7/15/2021,705 Nimbus Ct.,84,3,18,f,3.5,3.5,,50,,75,,12.25,2021,6.125,9.1875
"Kyle, Elspeth, Scott",7/15/2021,705 Nimbus Ct.,84,3,19,f,5.7,2.2,,25,,100,,12.54,2021,3.135,12.54
"Kyle, Elspeth, Scott",7/15/2021,1094 Clydesdale Manors,121,3,1,b,2.8,0.5,,75,,25,,1.4,2021,1.05,0.35
"Kyle, Elspeth, Scott",7/15/2021,1094 Clydesdale Manors,121,3,2,b,0.8,12.5,,75,,25,,10,2021,7.5,2.5
"Kyle, Elspeth, Scott",7/15/2021,1094 Clydesdale Manors,121,3,3,b,1.6,5.5,,25,,75,,8.8,2021,2.2,6.6
"Kyle, Elspeth, Scott",7/15/2021,1094 Clydesdale Manors,121,3,4,b,4.6,17.5,,50,,50,,80.5,2021,40.25,40.25
"Colby, Elspeth",7/27/2021,3328 Greenwood Blvd. ,106,4,1,b,25,-0.6,,,,,Empty Space,-15,2021,0,0
"Colby, Elspeth",7/27/2021,3328 Greenwood Blvd.,106,4,2,b,24.4,-0.8,,,,,Empty Space,-19.52,2021,0,0
"Colby, Elspeth",7/27/2021,3328 Greenwood Blvd. ,106,4,3,b,8.3,-1.1,,,,,Empty Space,-9.13,2021,0,0
"Colby, Elspeth",7/27/2021,3328 Greenwood Blvd. ,106,4,4,b,20.5,-0.8,,,,,Empty Space,-16.4,2021,0,0
"Colby, Elspeth",7/27/2021,3328 Greenwood Blvd. ,106,4,5,b,6.5,-4.9,,,,,Empty Space,-31.85,2021,0,0
"Colby, Elspeth",7/27/2021,3328 Greenwood Blvd. ,106,4,6,b,3.9,-2.5,,,,,Empty Space,-9.75,2021,0,0
"Colby, Elspeth",7/27/2021,3328 Greenwood Blvd. ,106,4,7,b,2.7,-0.8,,,,,Empty Space,-2.16,2021,0,0
"Colby, Elspeth",7/27/2021,367 East Bodley Ave.,43,2,1,b,1.8,2.8,,25,,75,,5.04,2021,1.26,3.78
"Colby, Elspeth",7/27/2021,367 East Bodley Ave.,43,2,2,b,2.65,10.3,,25,,75,,27.295,2021,6.82375,20.47125
"Colby, Elspeth",7/27/2021,367 East Bodley Ave.,43,2,3,b,4.2,6.4,,25,,75,,26.88,2021,6.72,20.16
"Colby, Elspeth",7/27/2021,367 East Bodley Ave.,43,2,4,b,6.4,1.8,,25,,75,,11.52,2021,2.88,8.64
"Colby, Elspeth",7/27/2021,367 East Bodley Ave.,43,2,5,b,5.1,3.7,,25,,75,pond,18.87,2021,4.7175,14.1525
"Colby, Elspeth",7/27/2021,367 East Bodley Ave.,43,2,6,b,9.1,2.1,,25,,75,,19.11,2021,4.7775,14.3325
"Colby, Elspeth",7/27/2021,367 East Bodley Ave.,43,2,7,f,2.8,2.65,,50,,50,,7.42,2021,3.71,3.71
"Colby, Elspeth",7/27/2021,367 East Bodley Ave.,43,2,8,f,3.2,2.6,,50,,50,,8.32,2021,4.16,4.16
"Colby, Elspeth",7/27/2021,367 East Bodley Ave.,43,2,9,f,6.3,1.5,,25,,25,done (wood chips),9.45,2021,2.3625,2.3625
"Colby, Elspeth",7/27/2021,367 East Bodley Ave.,43,2,10,f,5.6,7.2,,75,,75,,40.32,2021,30.24,30.24
"Colby, Elspeth",7/27/2021,367 East Bodley Ave.,43,2,11,f,7.1,0.5,,25,,25,,3.55,2021,0.8875,0.8875
"Colby, Elspeth",7/27/2021,740 Edwin ,178,3,1,b,6.1,0.7,,75,,25,,4.27,2021,3.2025,1.0675
"Colby, Elspeth",7/27/2021,740 Edwin,178,3,2,b,14,1,,75,,25,,14,2021,10.5,3.5
"Colby, Elspeth",7/27/2021,740 Edwin ,178,3,3,b,1.05,12.6,,50,,50,,13.23,2021,6.615,6.615
"Colby, Elspeth",7/27/2021,740 Edwin ,178,3,4,b,12.4,2.1,,25,,25,"done, ivy",26.04,2021,6.51,6.51
"Colby, Elspeth",7/27/2021,740 Edwin ,178,3,5,b,1.1,2.65,,100,,0,,2.915,2021,2.915,0
"Colby, Elspeth",7/27/2021,740 Edwin ,178,3,6,b,1.15,2,,100,,0,,2.3,2021,2.3,0
"Colby, Elspeth",7/27/2021,740 Edwin ,178,3,7,s,1.6,3.5,,75,,25,,5.6,2021,4.2,1.4
"Colby, Elspeth",7/27/2021,740 Edwin ,178,3,8,f,10.8,2.75,,100,,0,,29.7,2021,29.7,0
"Colby, Elspeth",7/27/2021,740 Edwin ,178,3,9,f,8.75,2.85,,25,,0,ivy,24.9375,2021,6.234375,0
"Colby, Scott",7/28/2021,1634 Parquet Ct,179,3,1,f,12,4.5,,50,,50,,54,2021,27,27
"Colby, Scott",7/28/2021,1634 Parquet Ct,179,3,2,f,7.1,6.3,,50,,50,,44.73,2021,22.365,22.365
"Colby, Scott",7/28/2021,1634 Parquet Ct,179,3,3,f,6.5,4.6,,25,,75,,29.9,2021,7.475,22.425
"Colby, Scott",7/28/2021,1634 Parquet Ct,179,3,4,f,4.6,3.15,,75,,25,,14.49,2021,10.8675,3.6225
"Colby, Scott",7/28/2021,1634 Parquet Ct,179,3,5,f,3.3,2.9,,75,,25,,9.57,2021,7.1775,2.3925
"Colby, Scott",7/28/2021,1634 Parquet Ct,179,3,6,s,1,1,,100,,0, ,1,2021,1,0
"Colby, Scott",7/28/2021,1634 Parquet Ct,179,3,7,s,1,1,,100,,0,,1,2021,1,0
"Colby, Scott",7/28/2021,1634 Parquet Ct,179,3,8,s,1,1,,100,,0,,1,2021,1,0
"Colby, Scott",7/28/2021,1634 Parquet Ct,179,3,9,s,2.4,2.4,,50,,50,,5.76,2021,2.88,2.88
"Colby, Scott",7/28/2021,1634 Parquet Ct,179,3,10,b,2.65,3.8,,50,,50,,10.07,2021,5.035,5.035
"Colby, Scott",7/28/2021,1634 Parquet Ct,179,3,11,b,10.5,3.8,,100,,0,,39.9,2021,39.9,0
"Colby, Scott",7/28/2021,1634 Parquet Ct,179,3,12,b,3,1.5,,50,,50,,4.5,2021,2.25,2.25
"Colby, Scott",7/28/2021,1634 Parquet Ct,179,3,13,b,13.4,0.75,,50,,50,,10.05,2021,5.025,5.025
"Colby, Scott",7/28/2021,1634 Parquet Ct,179,3,14,b,13.3,2,,50,,50,,26.6,2021,13.3,13.3
"Colby, Scott",7/28/2021,1634 Parquet Ct,179,3,15,b,13.5,3.6,,25,,75,,48.6,2021,12.15,36.45
"Colby, Scott",7/28/2021,1634 Parquet Ct,179,3,16,b,4.6,4,,50,,50,,18.4,2021,9.2,9.2
"Colby, Scott",7/28/2021,1634 Parquet Ct,179,3,17,b,2.8,1.2,,25,,75,,3.36,2021,0.84,2.52
"Colby, Scott",7/28/2021,1634 Parquet Ct,179,3,18,b,15,1.5,,50,,50,,22.5,2021,11.25,11.25
"Colby, Scott",7/28/2021,1634 Parquet Ct,179,3,19,b,2.3,3.5,,100,,100,,8.05,2021,8.05,8.05
"Colby, Scott",7/28/2021,1634 Parquet Ct,179,3,20,b,6.8,1.7,,50,,50,,11.56,2021,5.78,5.78
"Colby, Scott",7/28/2021,1634 Parquet Ct,179,3,21,s,22,2.5,,75,,25,,55,2021,41.25,13.75
"Colby, Scott",7/28/2021,12793 Parkway Estates,94,2,1,f,9.5,2.05,,75,,25,mostly nonflowering,19.475,2021,14.60625,4.86875
"Colby, Scott",7/28/2021,12793 Parkway Estates,94,2,2,f,6.55,4,,50,,50,,26.2,2021,13.1,13.1
"Colby, Scott",7/28/2021,12793 Parkway Estates,94,2,3,f,6.25,3.9,,75,,25,,24.375,2021,18.28125,6.09375
"Colby, Scott",7/28/2021,12793 Parkway Estates,94,2,4,s,10.5,1.8,,75,,25,,18.9,2021,14.175,4.725
"Colby, Scott",7/28/2021,12793 Parkway Estates,94,2,5,s,0.8,0.8,,100,,0,,0.64,2021,0.64,0
"Colby, Scott",7/28/2021,12793 Parkway Estates,94,2,6,b,4.9,3.3,,50,,50,,16.17,2021,8.085,8.085
"Colby, Scott",7/28/2021,12793 Parkway Estates,94,2,7,b,6.2,2.8,,100,,0,,17.36,2021,17.36,0
"Colby, Scott",7/28/2021,12793 Parkway Estates,94,2,8,b,1.7,1.2,,50,,50,,2.04,2021,1.02,1.02
"Colby, Scott",7/28/2021,12793 Parkway Estates,94,2,9,s,10.9,1.4,,75,,25,,15.26,2021,11.445,3.815
"Colby, Scott",7/28/2021,12793 Parkway Estates,94,2,10,s,10.9,1.75,,50,,50,,19.075,2021,9.5375,9.5375
"Colby, Scott",7/28/2021,12793 Parkway Estates,94,2,11,f,6.1,5.6,,100,,0,culdesac ,34.16,2021,34.16,0
"Colby, Scott",7/28/2021,Bellefontaine Cemetary ,136.2,4,1,inner circle ,14.3,4,,75,,25,,57.2,2021,42.9,14.3
"Colby, Scott",7/28/2021,Bellefontaine Cemetary ,136.2,4,2,inner circle ,14.3,4,,75,,25,diagram of area on paper (circle with three rings),57.2,2021,42.9,14.3
"Colby, Scott",7/28/2021,Bellefontaine Cemetary ,136.2,4,3,inner circle ,14.3,4,,75,,25,,57.2,2021,42.9,14.3
"Colby, Scott",7/28/2021,Bellefontaine Cemetary ,136.2,4,4,inner circle ,14.3,4,,75,,25,,57.2,2021,42.9,14.3
"Colby, Scott",7/28/2021,Bellefontaine Cemetary ,136.2,4,5,outer circle ,7.8,2.15,,75,,25,,16.77,2021,12.5775,4.1925
"Colby, Scott",7/28/2021,Bellefontaine Cemetary ,136.2,4,6,outer circle ,28,2.15,,75,,25,,60.2,2021,45.15,15.05
"Colby, Scott",7/28/2021,Bellefontaine Cemetary ,136.2,4,7,outer circle ,25,1.4,,75,,25,,35,2021,26.25,8.75
"Colby, Scott",7/28/2021,Bellefontaine Cemetary ,136.2,4,8,far (past outer),10.1,4.4,,75,,25,,44.44,2021,33.33,11.11
"Colby, Scott",7/28/2021,Bellefontaine Cemetary ,136.2,4,9,path ,16.1,2.8,,75,,25,,45.08,2021,33.81,11.27
"Colby, Scott",7/28/2021,Bellefontaine Cemetary ,136.2,4,10,path ,11.1,2.8,,75,,25,,31.08,2021,23.31,7.77
"Colby, Scott",7/28/2021,Bellefontaine Cemetary ,136.2,4,11,outskirts ,11.4,2.55,,75,,25,,29.07,2021,21.8025,7.2675
"Colby, Scott",7/28/2021,Bellefontaine Cemetary ,136.2,4,12,far,9.9,3.5,,75,,25,,34.65,2021,25.9875,8.6625
"Elspeth, Cheyanne",2-Aug,2524 Bremerton,157,3,1,b,12.2,9.6,,50,,25,,117.12,2021,58.56,29.28
"Elspeth, Cheyanne",2-Aug,2524 Bremerton,157,3,2,b,1.7,2.4,,25,,0,,4.08,2021,1.02,0
"Elspeth, Cheyanne",2-Aug,2524 Bremerton,157,3,3,b,2.8,3.5,,25,,0,,9.8,2021,2.45,0
"Elspeth, Cheyanne",2-Aug,2524 Bremerton,157,3,4,b,0.9,2.8,,100,,0,,2.52,2021,2.52,0
"Elspeth, Cheyanne",2-Aug,2524 Bremerton,157,3,5,b,3,8.1,,75,,25,,24.3,2021,18.225,6.075
"Elspeth, Cheyanne",2-Aug,2524 Bremerton,157,3,6,b,20.1,1.9,,75,,0,,38.19,2021,28.6425,0
"Elspeth, Cheyanne",2-Aug,2524 Bremerton,157,3,7,b,6.6,2.4,,50,,0,,15.84,2021,7.92,0
"Elspeth, Cheyanne",2-Aug,2524 Bremerton,157,3,8,b,1.4,1.2,,100,,0,,1.68,2021,1.68,0
"Elspeth, Cheyanne",2-Aug,2524 Bremerton,157,3,9,s,4.9,1.3,,25,,0,,6.37,2021,1.5925,0
"Elspeth, Cheyanne",2-Aug,2524 Bremerton,157,3,10,f,15,1.3,,75,,0,,19.5,2021,14.625,0
"Elspeth, Cheyanne",2-Aug,2524 Bremerton,157,3,11,f,2.8,1,,100,,0,,2.8,2021,2.8,0
"Elspeth, Cheyanne",2-Aug,2524 Bremerton,157,3,12,f,2.2,1,,100,,0,,2.2,2021,2.2,0
"Scott, Colby",4-Aug,1363 Macklin Dr. ,148,2,1,f,3.6,5.35,,25,,75,,19.26,2021,4.815,14.445
"Scott, Colby",4-Aug,1363 Macklin Dr. ,148,2,2,f,2.2,3.4,,50,,50,,7.48,2021,3.74,3.74
"Scott, Colby",4-Aug,1363 Macklin Dr. ,148,2,3,s,11.7,2.5,,50,,50,,29.25,2021,14.625,14.625
"Scott, Colby",4-Aug,1363 Macklin Dr. ,148,2,4,s,1,1,,50,,50,,1,2021,0.5,0.5
"Scott, Colby",4-Aug,1363 Macklin Dr. ,148,2,5,b,24.1,1.1,,25,,75,,26.51,2021,6.6275,19.8825
"Scott, Colby",4-Aug,1363 Macklin Dr. ,148,2,6,b,4.75,5.55,,75,,25,,26.3625,2021,19.771875,6.590625
"Scott, Colby",4-Aug,1363 Macklin Dr. ,148,2,7,b,0.9,20.75,,25,,75,,18.675,2021,4.66875,14.00625
"Scott, Colby",4-Aug,1363 Macklin Dr. ,148,2,8,b,1.55,27.1,,25,,75,,42.005,2021,10.50125,31.50375
"Scott, Colby",4-Aug,1363 Macklin Dr. ,148,2,9,b,1.25,12.55,,75,,25,,15.6875,2021,11.765625,3.921875
"Scott, Colby",4-Aug,1363 Macklin Dr. ,148,2,10,b,7.8,1.6,,25,,75,,12.48,2021,3.12,9.36
"Scott, Colby",4-Aug,1363 Macklin Dr. ,148,2,11,b,1.7,4.4,,75,,25,,7.48,2021,5.61,1.87
"Scott, Colby",4-Aug,3 Zuider Zee Ct,158,3,1,f,16.5,1.1,,50,,50,,18.15,2021,9.075,9.075
"Scott, Colby",4-Aug,3 Zuider Zee Ct,158,3,2,f,4.5,3.35,,50,,50,,15.075,2021,7.5375,7.5375
"Scott, Colby",4-Aug,3 Zuider Zee Ct,158,3,3,s,3.85,3.3,,75,,25,,12.705,2021,9.52875,3.17625
"Scott, Colby",4-Aug,3 Zuider Zee Ct,158,3,4,b,23.35,2.35,,75,,25,,54.8725,2021,41.154375,13.718125
"Scott, Colby",4-Aug,3 Zuider Zee Ct,158,3,5,b,8.2,3.9,,75,,25,,31.98,2021,23.985,7.995
"Scott, Colby",4-Aug,3 Zuider Zee Ct,158,3,6,b,5,10.15,,50,,50,,50.75,2021,25.375,25.375
"Scott, Colby",4-Aug,3 Zuider Zee Ct,158,3,7,s,4,3.5,,25,,75,,14,2021,3.5,10.5
"Scott, Colby",4-Aug,3 Zuider Zee Ct,158,3,8,b,2.45,6.65,,75,,25,,16.2925,2021,12.219375,4.073125
"Scott, Colby",4-Aug,1245 Warson Pines Dr,78,5,1,f,3.65,20.1,,75,,25,,73.365,2021,55.02375,18.34125
"Scott, Colby",4-Aug,1245 Warson Pines Dr,78,5,2,f,14.95,6.5,,75,,25,,97.175,2021,72.88125,24.29375
"Scott, Colby",4-Aug,1245 Warson Pines Dr,78,5,3,f,15.65,2.7,,75,,25,,42.255,2021,31.69125,10.56375
"Scott, Colby",4-Aug,1245 Warson Pines Dr,78,5,4,f,8.3,5.5,,75,,25,,45.65,2021,34.2375,11.4125
"Scott, Colby",4-Aug,1245 Warson Pines Dr,78,5,5,b,-1.45,16.55,,,,,Empty Space,-23.9975,2021,0,0
"Scott, Colby",4-Aug,1245 Warson Pines Dr,78,5,6,b,-3.5,11,,,,,Empty Space,-38.5,2021,0,0
"Scott, Colby",4-Aug,1245 Warson Pines Dr,78,5,7,b,-0.3,10.1,,,,,Empty Space,-3.03,2021,0,0
"Scott, Colby",4-Aug,1245 Warson Pines Dr,78,5,8,b,-0.3,28.5,,,,,Empty Space,-8.55,2021,0,0
"Scott, Colby",4-Aug,1245 Warson Pines Dr,78,5,9,b,-0.3,8.3,,,,,Empty Space,-2.49,2021,0,0
"Scott, Colby",4-Aug,1245 Warson Pines Dr,78,5,10,b,-0.7,75.6,,,,,Empty Space,-52.92,2021,0,0
"Scott, Colby",4-Aug,1245 Warson Pines Dr,78,5,11,b,-1.3,17.9,,,,,Empty Space,-23.27,2021,0,0
"Scott, Colby",4-Aug,1245 Warson Pines Dr,78,5,12,b,-2.9,17.8,,,,,Empty Space,-51.62,2021,0,0
"Scott, Colby",4-Aug,1245 Warson Pines Dr,78,5,13,b,-0.3,10,,,,,Empty Space,-3,2021,0,0
"Scott, Colby",4-Aug,7623 Standford Ave,105,2,1,f,-1.15,10.05,,,,,Empty Space,-11.5575,2021,0,0
"Scott, Colby",4-Aug,7623 Standford Ave,105,2,2,f,-0.3,3.4,,,,,Empty Space,-1.02,2021,0,0
"Scott, Colby",4-Aug,7623 Standford Ave,105,2,3,s,-4.15,1,,,,,Empty Space,-4.15,2021,0,0
"Scott, Colby",4-Aug,7623 Standford Ave,105,2,4,b,-3.65,4.1,,,,,Empty Space,-14.965,2021,0,0
"Scott, Colby",4-Aug,7623 Standford Ave,105,2,5,b,-2.4,3.4,,,,,Empty Space,-8.16,2021,0,0
"Scott, Colby",4-Aug,7623 Standford Ave,105,2,6,b,-8.35,0.85,,,,,Empty Space,-7.0975,2021,0,0
"Scott, Colby",4-Aug,7623 Standford Ave,105,2,7,b,-5.7,0.85,,,,,Empty Space,-4.845,2021,0,0
"Scott, Colby",4-Aug,7623 Standford Ave,105,2,8,b,-6,1.75,,,,,Empty Space,-10.5,2021,0,0
"Scott, Colby",4-Aug,7623 Standford Ave,105,2,9,b,-1.3,2.1,,,,,Empty Space,-2.73,2021,0,0
"Scott, Colby",4-Aug,7248 Balson Ave,25,2,1,b,-13.8,1.05,,,,,Empty Space,-14.49,2021,0,0
"Scott, Colby",4-Aug,7248 Balson Ave,25,2,2,b,-2.7,5,,,,,Empty Space,-13.5,2021,0,0
"Scott, Colby",4-Aug,7248 Balson Ave,25,2,3,b,-0.9,2.9,,,,,Empty Space,-2.61,2021,0,0
"Scott, Colby",4-Aug,7248 Balson Ave,25,2,4,b,-6.6,1.05,,,,,Empty Space,-6.93,2021,0,0
"Scott, Colby",4-Aug,7248 Balson Ave,25,2,5,f,7,5.5,,75,,25,,38.5,2021,28.875,9.625
"Scott, Colby",4-Aug,7248 Balson Ave,25,2,6,f,5.6,6.3,,75,,25,,35.28,2021,26.46,8.82
"Colby, Cheyenne",5-Aug,7229 Clayton Road,166,3,1,b,9.55,1.65,,50,,75,,15.7575,2021,7.87875,11.818125
"Colby, Cheyenne",5-Aug,7229 Clayton Road,166,3,2,b,9.65,2.7,,50,,75,,26.055,2021,13.0275,19.54125
"Colby, Cheyenne",5-Aug,7229 Clayton Road,166,3,3,b,6.3,3.3,,100,,25,,20.79,2021,20.79,5.1975
"Colby, Cheyenne",5-Aug,7229 Clayton Road,166,3,4,b,24.75,1.2,,50,,75,,29.7,2021,14.85,22.275
"Colby, Cheyenne",5-Aug,7229 Clayton Road,166,3,5,s,4.3,0.85,,100,,25,,3.655,2021,3.655,0.91375
"Colby, Cheyenne",5-Aug,7229 Clayton Road,166,3,6,b,1.7,2.5,,100,,25,patch of small purple flowers,4.25,2021,4.25,1.0625
"Colby, Cheyenne",5-Aug,7229 Clayton Road,166,3,7,b,6,1.5,,100,,25,,9,2021,9,2.25
"Colby, Cheyenne",5-Aug,7229 Clayton Road,166,3,8,f,5.35,1.1,,100,,25,,5.885,2021,5.885,1.47125
"Colby, Cheyenne",5-Aug,7229 Clayton Road,166,3,9,f,4.1,1.3,,100,,25,,5.33,2021,5.33,1.3325
"Colby, Cheyenne",5-Aug,7229 Clayton Road,166,3,10,f,7.15,3.9,,75,,50,,27.885,2021,20.91375,13.9425
"Colby, Cheyenne",5-Aug,7229 Clayton Road,166,3,11,f,15.75,3.1,,100,,25,,48.825,2021,48.825,12.20625
"Colby, Cheyenne",5-Aug,7229 Clayton Road,166,3,12,f,14.15,0.7,,50,,50,,9.905,2021,4.9525,4.9525
"Colby, Cheyenne",5-Aug,804 Greenock Lane,123,2,1,b,1.9,1.7,,100,,25,,3.23,2021,3.23,0.8075
"Colby, Cheyenne",5-Aug,804 Greenock Lane,123,2,2,b,12.25,2.4,,50,,50,,29.4,2021,14.7,14.7
"Colby, Cheyenne",5-Aug,804 Greenock Lane,123,2,3,b,7.8,4,,100,,25,,31.2,2021,31.2,7.8
"Colby, Cheyenne",5-Aug,804 Greenock Lane,123,2,4,b,7.4,2.85,,75,,50,,21.09,2021,15.8175,10.545
"Colby, Cheyenne",5-Aug,804 Greenock Lane,123,2,5,f,4.75,3,,75,,50,corner of yard/street,14.25,2021,10.6875,7.125
"Colby, Cheyenne",5-Aug,804 Greenock Lane,123,2,6,f,14.3,2.1,,25,,100,,30.03,2021,7.5075,30.03
"Colby, Cheyenne",5-Aug,146 Helfstein Ave,61,3,1,F,23.9,3.7,,100,,50,,88.43,2021,88.43,44.215
"Colby, Cheyenne",5-Aug,146 Helfstein Ave,61,3,2,S,3.7,1.8,,50,,75,,6.66,2021,3.33,4.995
"Colby, Cheyenne",5-Aug,146 Helfstein Ave,61,3,3,F,7.85,5.4,,100,,75,,42.39,2021,42.39,31.7925
"Colby, Cheyenne",5-Aug,146 Helfstein Ave,61,3,4,F,6.5,4.4,,100,,25,,28.6,2021,28.6,7.15
"Colby, Cheyenne",5-Aug,146 Helfstein Ave,61,3,5,F,4.2,6.5,,75,,50,,27.3,2021,20.475,13.65
"Colby, Cheyenne",5-Aug,146 Helfstein Ave,61,3,6,S,8.8,1.9,,75,,25,,16.72,2021,12.54,4.18
"Colby, Cheyenne",5-Aug,146 Helfstein Ave,61,3,7,B,6.9,1.8,,75,,50,,12.42,2021,9.315,6.21
"Colby, Cheyenne",5-Aug,146 Helfstein Ave,61,3,8,B,8.35,2.05,,100,,25,,17.1175,2021,17.1175,4.279375
"Colby, Cheyenne",5-Aug,146 Helfstein Ave,61,3,9,B,8.9,7.7,,100,,25,,68.53,2021,68.53,17.1325
"Colby, Cheyenne",5-Aug,146 Helfstein Ave,61,3,10,B,5.1,3.9,,100,,25,,19.89,2021,19.89,4.9725
"Colby, Cheyenne",5-Aug,146 Helfstein Ave,61,3,11,B,5.8,2.2,,75,,50,,12.76,2021,9.57,6.38
"Colby, Cheyenne",5-Aug,146 Helfstein Ave,61,3,12,B,14.1,3.5,,100,,25,,49.35,2021,49.35,12.3375
"Colby, Cheyenne",5-Aug,146 Helfstein Ave,61,3,1,B,7.15,1.5,,100,,25,,10.725,2021,10.725,2.68125
"Colby, Cheyenne",5-Aug,649 Bismark Ave,149,2,2,S,3.45,1.4,,100,,25,,4.83,2021,4.83,1.2075
"Colby, Cheyenne",5-Aug,649 Bismark Ave,149,2,3,F,2.9,1.2,,100,,25,,3.48,2021,3.48,0.87
"Colby, Cheyenne",5-Aug,649 Bismark Ave,149,2,4,F,10,1,,100,,25,,10,2021,10,2.5
"Colby, Cheyenne",5-Aug,649 Bismark Ave,149,2,5,S,8.7,1.5,,75,,50,,13.05,2021,9.7875,6.525
"Colby, Cheyenne",5-Aug,649 Bismark Ave,149,2,6,F,12.5,1.6,,75,,75,,20,2021,15,15
"Colby, Cheyenne",5-Aug,649 Bismark Ave,149,2,7,F,3,2.6,,50,,25,,7.8,2021,3.9,1.95
"Colby, Cheyenne",5-Aug,649 Bismark Ave,149,2,8,F,5,0.8,,100,,25,,4,2021,4,1
"Colby, Cheyenne",5-Aug,649 Bismark Ave,149,2,9,B,7.1,1.4,,100,,25,,9.94,2021,9.94,2.485
"Colby, Cheyenne",5-Aug,649 Bismark Ave,149,2,10,B,3.55,0.8,,100,,25,,2.84,2021,2.84,0.71
"Colby, Cheyenne",5-Aug,649 Bismark Ave,149,2,11,B,5.7,0.8,,50,,25,,4.56,2021,2.28,1.14
"Colby, Cheyenne",5-Aug,649 Bismark Ave,149,2,12,B,2.7,1,,100,,25,,2.7,2021,2.7,0.675
"Colby, Cheyenne",5-Aug,649 Bismark Ave,149,2,13,B,3.25,1.35,,100,,25,,4.3875,2021,4.3875,1.096875
"Colby, Cheyenne",5-Aug,649 Bismark Ave,149,2,14,B,17,1.5,,100,,25,,25.5,2021,25.5,6.375
"Elspeth, Naomi",5-Aug,123 Slocum Ave,198,3,1,f,3.6,3.7,,25,,50,,,2021,0,0
"Elspeth, Naomi",5-Aug,123 Slocum Ave,198,3,2,f,10.5,3.3,,25,,0,,,2021,0,0
"Elspeth, Naomi",5-Aug,123 Slocum Ave,198,3,3,f,6.4,2.1,,25,,25,,,2021,0,0
"Elspeth, Naomi",5-Aug,123 Slocum Ave,198,3,4,s,9.3,3.4,,25,,0,,,2021,0,0
"Elspeth, Naomi",5-Aug,123 Slocum Ave,198,3,5,s,7.8,1.6,,25,,0,,,2021,0,0
"Elspeth, Naomi",5-Aug,123 Slocum Ave,198,3,6,s,9.1,9,,100,,0,,,2021,0,0
"Elspeth, Naomi",5-Aug,123 Slocum Ave,198,3,7,s,12.8,3.6,,25,,75,,,2021,0,0
"Elspeth, Naomi",5-Aug,123 Slocum Ave,198,3,8,s,9.1,4.7,,75,,25,,,2021,0,0
"Elspeth, Naomi",5-Aug,123 Slocum Ave,198,3,9,s,6.7,2.8,,25,,75,,,2021,0,0
"Elspeth, Naomi",5-Aug,123 Slocum Ave,198,3,10,s,4.6,9.1,,100,,0,,,2021,0,0
"Elspeth, Naomi",5-Aug,123 Slocum Ave,198,3,11,s,9.2,3.2,,100,,0,,,2021,0,0
"Elspeth, Naomi",5-Aug,123 Slocum Ave,198,3,12,s,6.8,2.5,,75,,25,,,2021,0,0
"Elspeth, Naomi",5-Aug,123 Slocum Ave,198,3,13,b,4.5,2.5,,100,,0,,,2021,0,0
"Elspeth, Naomi",5-Aug,123 Slocum Ave,198,3,14,b,3.6,2.2,,100,,0,,,2021,0,0
"Elspeth, Naomi",5-Aug,123 Slocum Ave,198,3,15,b,13.9,2.3,,25,,0,,,2021,0,0
"Elspeth, Naomi",5-Aug,123 Slocum Ave,198,3,16,b,14,3.8,,25,,0,,,2021,0,0
"Elspeth, Naomi",5-Aug,123 Slocum Ave,198,3,17,b,3.2,4.1,,100,,0,,,2021,0,0
"Elspeth, Naomi",5-Aug,123 Slocum Ave,198,3,18,b,4.2,4.1,,100,,0,,,2021,0,0
"Elspeth, Naomi",5-Aug,4949 Crownover ,248,3,1,f,11.5,3.4,,25,,0,,,2021,0,0
"Elspeth, Naomi",5-Aug,4949 Crownover ,248,3,2,f,2,2.2,,50,,0,,,2021,0,0
"Elspeth, Naomi",5-Aug,4950 Crownover ,248,3,3,f,5.8,2.8,,25,,0,,,2021,0,0
"Elspeth, Naomi",5-Aug,4951 Crownover ,248,3,4,s,2.4,1.3,,50,,0,,,2021,0,0
"Elspeth, Naomi",5-Aug,4952 Crownover ,248,3,5,s,1.1,9.6,,25,,0,,,2021,0,0
"Elspeth, Naomi",5-Aug,4953 Crownover ,248,3,6,b,1.6,8.3,,50,,0,,,2021,0,0
"Elspeth, Naomi",5-Aug,4954 Crownover ,248,3,7,b,3,2,,75,,0,,,2021,0,0
"Elspeth, Naomi",5-Aug,4955 Crownover ,248,3,8,s,3.2,2,,75,,0,,,2021,0,0
"Elspeth, Naomi",5-Aug,4956 Crownover ,248,3,9,s,2.1,2,,100,,0,,,2021,0,0
"Elspeth, Naomi",5-Aug,4957 Crownover ,248,3,10,s,2.4,19.6,,75,,0,,,2021,0,0
"Elspeth, Naomi",5-Aug,26 Villawood Ln,210,3,1,f,14.2,2.2,,75,,25,,,2021,0,0
"Elspeth, Naomi",5-Aug,26 Villawood Ln,210,3,2,f,3.7,5.2,,75,,25,,,2021,0,0
"Elspeth, Naomi",5-Aug,26 Villawood Ln,210,3,3,f,10.7,0.9,,25,,75,,,2021,0,0
"Elspeth, Naomi",5-Aug,26 Villawood Ln,210,3,4,f,10.7,0.9,,25,,75,,,2021,0,0
"Elspeth, Naomi",5-Aug,26 Villawood Ln,210,3,5,f,1.4,7.3,,75,,75,,,2021,0,0
"Elspeth, Naomi",5-Aug,26 Villawood Ln,210,3,6,s,5.1,12.1,,50,,50,,,2021,0,0
"Elspeth, Naomi",5-Aug,26 Villawood Ln,210,3,7,s,6.9,9,,25,,75,,,2021,0,0
"Elspeth, Naomi",5-Aug,26 Villawood Ln,210,3,8,s,8.8,1.4,,100,,0,,,2021,0,0
"Elspeth, Naomi",5-Aug,26 Villawood Ln,210,3,9,b,7.5,1.5,,75,,25,,,2021,0,0
"Elspeth, Naomi",5-Aug,26 Villawood Ln,210,3,10,b,8.5,1,,75,,25,,,2021,0,0
"Elspeth, Naomi",5-Aug,26 Villawood Ln,210,3,11,b,16.7,2.2,,100,,0,,,2021,0,0
"Cheyenne, Naomi",10-Aug,21 Cambridge Court,241,2,1,F,5.8,2.6,,25,,100,,15.08,2021,3.77,15.08
"Cheyenne, Naomi",10-Aug,21 Cambridge Court,241,2,2,F,2.4,1,,25,,100,,2.4,2021,0.6,2.4
"Cheyenne, Naomi",10-Aug,21 Cambridge Court,241,2,3,S,3.5,9.7,,25,,100,,33.95,2021,8.4875,33.95
"Cheyenne, Naomi",10-Aug,21 Cambridge Court,241,2,4,S,3.7,2,,100,,25,,7.4,2021,7.4,1.85
"Cheyenne, Naomi",10-Aug,21 Cambridge Court,241,2,5,B,3.1,1.5,,100,,25,,4.65,2021,4.65,1.1625
"Cheyenne, Naomi",10-Aug,21 Cambridge Court,241,2,6,B,11,2.4,,75,,25,,26.4,2021,19.8,6.6
"Cheyenne, Naomi",10-Aug,21 Cambridge Court,241,2,7,B,12,6.9,,75,,50,,82.8,2021,62.1,41.4
"Cheyenne, Naomi",10-Aug,21 Cambridge Court,241,2,8,B,1.4,2.8,,100,,25,,3.92,2021,3.92,0.98
"Cheyenne, Naomi",10-Aug,21 Cambridge Court,241,2,9,B,1,1,,100,,0,,1,2021,1,0
"Cheyenne, Naomi",10-Aug,21 Cambridge Court,241,2,10,B,4.5,3.6,,25,,100,,16.2,2021,4.05,16.2
"Cheyenne, Naomi",10-Aug,21 Cambridge Court,241,2,11,B,17.8,2.9,,75,,25,,51.62,2021,38.715,12.905
"Cheyenne, Naomi",10-Aug,21 Cambridge Court,241,2,12,B,27.5,1.3,,50,,50,,35.75,2021,17.875,17.875
"Cheyenne, Naomi",10-Aug,21 Cambridge Court,241,2,13,S,9.1,2.9,,25,,100,,26.39,2021,6.5975,26.39
"Cheyenne, Naomi",10-Aug,21 Cambridge Court,241,2,14,F,6.8,2.4,,25,,75,,16.32,2021,4.08,12.24
"Cheyenne, Naomi",10-Aug,21 Cambridge Court,241,2,15,B,8,0.7,,75,,25,,5.6,2021,4.2,1.4
"Cheyenne, Naomi",10-Aug,21 Cambridge Court,241,2,16,B,13.1,1.5,,75,,25,,19.65,2021,14.7375,4.9125
"Cheyenne, Naomi",10-Aug,8527 Eulalie ave,15,2,1,F,8.8,1,,50,,50,,8.8,2021,4.4,4.4
"Cheyenne, Naomi",10-Aug,8527 Eulalie ave,15,2,2,F,2.1,1,,75,,25,,2.1,2021,1.575,0.525
"Cheyenne, Naomi",10-Aug,8527 Eulalie ave,15,2,3,F,0.9,0.9,,75,,25,,0.81,2021,0.6075,0.2025
"Cheyenne, Naomi",10-Aug,8527 Eulalie ave,15,2,4,F,6.8,2,,50,,50,,13.6,2021,6.8,6.8
"Cheyenne, Naomi",10-Aug,8527 Eulalie ave,15,2,5,F,2.7,0.8,,75,,25,,2.16,2021,1.62,0.54
"Cheyenne, Naomi",10-Aug,8527 Eulalie ave,15,2,6,S,2.5,1.6,,50,,50,,4,2021,2,2
"Cheyenne, Naomi",10-Aug,8527 Eulalie ave,15,2,7,S,2.5,1.6,,75,,25,,4,2021,3,1
"Cheyenne, Naomi",10-Aug,8527 Eulalie ave,15,2,8,S,2.5,1.6,,25,,75,,4,2021,1,3
"Cheyenne, Naomi",10-Aug,8527 Eulalie ave,15,2,9,S,2.5,1.6,,25,,25,A/C unit,4,2021,1,1
"Cheyenne, Naomi",10-Aug,8527 Eulalie ave,15,2,10,S,2.5,1.6,,75,,25,,4,2021,3,1
"Cheyenne, Naomi",10-Aug,8527 Eulalie ave,15,2,11,F,1.5,1.5,,50,,50,,2.25,2021,1.125,1.125
"Cheyenne, Naomi",10-Aug,8527 Eulalie ave,15,2,12,F,1.5,1.5,,100,,0,,2.25,2021,2.25,0
"Cheyenne, Naomi",10-Aug,8527 Eulalie ave,15,2,13,B,8.7,1.2,,100,,25,,10.44,2021,10.44,2.61
"Cheyenne, Naomi",10-Aug,8527 Eulalie ave,15,2,14,B,4.4,3.3,,75,,25,,14.52,2021,10.89,3.63
"Cheyenne, Naomi",10-Aug,8527 Eulalie ave,15,2,15,B,15.5,2.4,,100,,0,,37.2,2021,37.2,0
"Cheyenne, Naomi",10-Aug,8527 Eulalie ave,15,2,16,B,10,2.3,,100,,0,,23,2021,23,0
"Cheyenne, Naomi",10-Aug,8527 Eulalie ave,15,2,17,B,5.5,10.1,,100,,25,,55.55,2021,55.55,13.8875
"Cheyenne, Naomi",10-Aug,8527 Eulalie ave,15,2,18,B,6.8,1.9,,100,,25,,12.92,2021,12.92,3.23
"Cheyenne, Naomi",10-Aug,14 Becky thatcher dr St. Charles MO 63303,82,3,1,F,5.1,4.1,,75,,50,,20.91,2021,15.6825,10.455
"Cheyenne, Naomi",10-Aug,14 Becky thatcher dr St. Charles MO 63303,82,3,2,F,4.7,2.2,,75,,50,,10.34,2021,7.755,5.17
"Cheyenne, Naomi",10-Aug,14 Becky thatcher dr St. Charles MO 63303,82,3,3,F,2.9,1.2,,75,,25,,3.48,2021,2.61,0.87
"Cheyenne, Naomi",10-Aug,14 Becky thatcher dr St. Charles MO 63303,82,3,4,B,7.7,6.1,,75,,50,,46.97,2021,35.2275,23.485
"Cheyenne, Naomi",10-Aug,14 Becky thatcher dr St. Charles MO 63303,82,3,5,B,4.6,1.4,,75,,25,,6.44,2021,4.83,1.61
"Cheyenne, Naomi",10-Aug,14 Becky thatcher dr St. Charles MO 63303,82,3,6,B,3,2.3,,50,,50,,6.9,2021,3.45,3.45
"Cheyenne, Naomi",10-Aug,14 Becky thatcher dr St. Charles MO 63303,82,3,7,B,13,2,,100,,0,,26,2021,26,0
"Cheyenne, Naomi",10-Aug,14 Becky thatcher dr St. Charles MO 63303,82,3,8,B,5.9,4.6,,100,,25,,27.14,2021,27.14,6.785
"Cheyenne, Naomi",10-Aug,14 Becky thatcher dr St. Charles MO 63303,82,3,9,B,12.7,9.8,,100,,0,,124.46,2021,124.46,0
"Cheyenne, Naomi",10-Aug,15139 Chamisal DrIve Chesterfield MO 63017,20,2,1,B,5,3.2,,75,,25,,16,2021,12,4
"Cheyenne, Naomi",10-Aug,15139 Chamisal DrIve Chesterfield MO 63017,20,2,2,B,8,2,,75,,25,,16,2021,12,4
"Cheyenne, Naomi",10-Aug,15139 Chamisal DrIve Chesterfield MO 63017,20,2,3,B,13.8,1.5,,75,,25,Pond in middle of bed,20.7,2021,15.525,5.175
"Cheyenne, Naomi",10-Aug,15139 Chamisal DrIve Chesterfield MO 63017,20,2,4,B,6.8,5.5,,75,,50,,37.4,2021,28.05,18.7
"Cheyenne, Naomi",10-Aug,15139 Chamisal DrIve Chesterfield MO 63017,20,2,5,S,17.7,2.2,,50,,50,,38.94,2021,19.47,19.47
"Cheyenne, Naomi",10-Aug,15139 Chamisal DrIve Chesterfield MO 63017,20,2,6,F,2.9,1.6,,25,,75,,4.64,2021,1.16,3.48
"Cheyenne, Naomi",10-Aug,15139 Chamisal DrIve Chesterfield MO 63017,20,2,7,F,7.8,3.5,,25,,75,,27.3,2021,6.825,20.475
"Cheyenne, Naomi",10-Aug,15139 Chamisal DrIve Chesterfield MO 63017,20,2,8,S,8,1.8,,100,,0,,14.4,2021,14.4,0
"Cheyenne, Naomi",10-Aug,15139 Chamisal DrIve Chesterfield MO 63017,20,2,9,B,4.3,7.3,,75,,25,,31.39,2021,23.5425,7.8475
"Cheyenne, Naomi",10-Aug,809 Stonebluff,57,2,1,F,5,2.4,,50,,75,,12,2021,6,9
"Cheyenne, Naomi",10-Aug,809 Stonebluff,57,2,2,F,0.8,0.8,,100,,0,,0.64,2021,0.64,0
"Cheyenne, Naomi",10-Aug,809 Stonebluff,57,2,3,S,4.5,1.4,,50,,50,,6.3,2021,3.15,3.15
"Cheyenne, Naomi",10-Aug,809 Stonebluff,57,2,4,B,9.4,1.6,,50,,50,,15.04,2021,7.52,7.52
"Cheyenne, Naomi",10-Aug,809 Stonebluff,57,2,5,B,19.6,12.6,,75,,25,,246.96,2021,185.22,61.74
"Naomi, Cheyenne",3-Aug,9801 Honeycut Lane St. Louis MO 63119,144,2,1,F,5.3,2.6,,50,,25,,13.78,2021,6.89,3.445
"Naomi, Cheyenne",3-Aug,9802 Honeycut Lane St. Louis MO 63119,144,2,2,F,8.8,2.2,,25,,100,,19.36,2021,4.84,19.36
"Naomi, Cheyenne",3-Aug,9803 Honeycut Lane St. Louis MO 63119,144,2,3,S,8.6,5.7,,50,,75,,49.02,2021,24.51,36.765
"Naomi, Cheyenne",3-Aug,9804 Honeycut Lane St. Louis MO 63119,144,2,4,B,10.3,4.8,,25,,75,,49.44,2021,12.36,37.08
"Naomi, Cheyenne",3-Aug,9805 Honeycut Lane St. Louis MO 63119,144,2,5,B,17.6,3.6,,75,,25,,63.36,2021,47.52,15.84
"Naomi, Cheyenne",3-Aug,9806 Honeycut Lane St. Louis MO 63119,144,2,6,B,4.9,2.7,,75,,50,,13.23,2021,9.9225,6.615
"Naomi, Cheyenne",3-Aug,9807 Honeycut Lane St. Louis MO 63119,144,2,7,B,5.4,3.5,,100,,25,,18.9,2021,18.9,4.725
"Naomi, Cheyenne",3-Aug,6816 Scanlan Ave. Saint Louis MO 63139,38,2,1,B,15.9,1.9,,25,,75,,30.21,2021,7.5525,22.6575
"Naomi, Cheyenne",3-Aug,6817 Scanlan Ave. Saint Louis MO 63139,38,2,2,B,25,3,,25,,75,,75,2021,18.75,56.25
"Naomi, Cheyenne",3-Aug,6818 Scanlan Ave. Saint Louis MO 63139,38,2,3,B,5.9,2.1,,75,,75,,12.39,2021,9.2925,9.2925
"Naomi, Cheyenne",3-Aug,6819 Scanlan Ave. Saint Louis MO 63139,38,2,4,B,4.6,1.4,,25,,100,,6.44,2021,1.61,6.44
"Naomi, Cheyenne",3-Aug,6820 Scanlan Ave. Saint Louis MO 63139,38,2,5,B,4.7,1.2,,25,,100,,5.64,2021,1.41,5.64
"Naomi, Cheyenne",3-Aug,6821 Scanlan Ave. Saint Louis MO 63139,38,2,6,B,10.4,2.6,,75,,25,,27.04,2021,20.28,6.76
"Naomi, Cheyenne",3-Aug,6822 Scanlan Ave. Saint Louis MO 63139,38,2,7,B,7,2.7,,75,,25,,18.9,2021,14.175,4.725
"Naomi, Cheyenne",3-Aug,6823 Scanlan Ave. Saint Louis MO 63139,38,2,8,B,17.5,2.4,,25,,75,,42,2021,10.5,31.5
"Naomi, Cheyenne",3-Aug,6824 Scanlan Ave. Saint Louis MO 63139,38,2,9,B,8.2,2.9,,25,,75,,23.78,2021,5.945,17.835
"Naomi, Cheyenne",3-Aug,6825 Scanlan Ave. Saint Louis MO 63139,38,2,10,B,9.1,2.4,,75,,25,,21.84,2021,16.38,5.46
"Naomi, Cheyenne",3-Aug,6826 Scanlan Ave. Saint Louis MO 63139,38,2,11,B,8.7,1.5,,75,,75,,13.05,2021,9.7875,9.7875
"Naomi, Cheyenne",3-Aug,6827 Scanlan Ave. Saint Louis MO 63139,38,2,12,F,3.8,2.7,,25,,100,,10.26,2021,2.565,10.26
"Naomi, Cheyenne",3-Aug,6828 Scanlan Ave. Saint Louis MO 63139,38,2,13,F,4.4,2,,75,,25,,8.8,2021,6.6,2.2
"Naomi, Cheyenne",3-Aug,617 Harper Ave Webster Groves MO 63119,30,3,1,F,7.9,4,,75,,25,,31.6,2021,23.7,7.9
"Naomi, Cheyenne",3-Aug,618 Harper Ave Webster Groves MO 63119,30,3,2,F,8.2,4.1,,75,,25,,33.62,2021,25.215,8.405
"Naomi, Cheyenne",3-Aug,619 Harper Ave Webster Groves MO 63119,30,3,3,F,8.6,3.2,,75,,25,,27.52,2021,20.64,6.88
"Naomi, Cheyenne",3-Aug,620 Harper Ave Webster Groves MO 63119,30,3,4,F,5.2,2.6,,25,,100,,13.52,2021,3.38,13.52
"Naomi, Cheyenne",3-Aug,621 Harper Ave Webster Groves MO 63119,30,3,5,F,6.9,6.3,,100,,25,,43.47,2021,43.47,10.8675
"Naomi, Cheyenne",3-Aug,622 Harper Ave Webster Groves MO 63119,30,3,6,F,12.2,2.7,,75,,25,,32.94,2021,24.705,8.235
"Naomi, Cheyenne",3-Aug,623 Harper Ave Webster Groves MO 63119,30,3,7,B,14.5,3.1,,100,,25,,44.95,2021,44.95,11.2375
"Naomi, Cheyenne",3-Aug,624 Harper Ave Webster Groves MO 63119,30,3,8,B,5.5,1.6,,75,,75,,8.8,2021,6.6,6.6
"Naomi, Cheyenne",3-Aug,625 Harper Ave Webster Groves MO 63119,30,3,9,B,2.8,1.2,,25,,25,,3.36,2021,0.84,0.84
"Naomi, Cheyenne",3-Aug,626 Harper Ave Webster Groves MO 63119,30,3,10,B,3.9,2.4,,75,,25,,9.36,2021,7.02,2.34
"Naomi, Cheyenne",3-Aug,627 Harper Ave Webster Groves MO 63119,30,3,11,B,5.2,2.1,,75,,25,,10.92,2021,8.19,2.73
"Naomi, Cheyenne",3-Aug,628 Harper Ave Webster Groves MO 63119,30,3,12,B,7.5,4.5,,75,,75,,33.75,2021,25.3125,25.3125
"Naomi, Cheyenne",3-Aug,629 Harper Ave Webster Groves MO 63119,30,3,13,B,2.5,1,,75,,75,,2.5,2021,1.875,1.875
"Naomi, Cheyenne",3-Aug,630 Harper Ave Webster Groves MO 63119,30,3,14,B,24.4,2.3,,100,,25,,56.12,2021,56.12,14.03
"Naomi, Cheyenne",3-Aug,631 Harper Ave Webster Groves MO 63119,30,3,15,B,8,1.8,,75,,25,,14.4,2021,10.8,3.6
"Naomi, Cheyenne",29-Jul,4930 Delor Street Saint Louis MO 63109,34,2,1,B,17.2,1.4,,25,,25,,24.08,2021,6.02,6.02
"Naomi, Cheyenne",29-Jul,4930 Delor Street Saint Louis MO 63109,34,2,2,B,2,1.6,,25,,25,,3.2,2021,0.8,0.8
"Naomi, Cheyenne",29-Jul,4930 Delor Street Saint Louis MO 63109,34,2,3,B,3.9,0.8,,25,,25,,3.12,2021,0.78,0.78
"Naomi, Cheyenne",29-Jul,4930 Delor Street Saint Louis MO 63109,34,2,4,B,5.6,3.1,,75,,75,,17.36,2021,13.02,13.02
"Naomi, Cheyenne",29-Jul,4930 Delor Street Saint Louis MO 63109,34,2,5,B,7.9,2.3,,25,,25,,18.17,2021,4.5425,4.5425
"Naomi, Cheyenne",29-Jul,4930 Delor Street Saint Louis MO 63109,34,2,6,F,3.1,1.2,,25,,100,,3.72,2021,0.93,3.72
"Naomi, Cheyenne",29-Jul,4930 Delor Street Saint Louis MO 63109,34,2,7,F,3.9,1.3,,25,,100,,5.07,2021,1.2675,5.07
"Naomi, Cheyenne",29-Jul,4930 Delor Street Saint Louis MO 63109,34,2,8,F,4,1.1,,25,,75,,4.4,2021,1.1,3.3
"Naomi, Cheyenne",29-Jul,4930 Delor Street Saint Louis MO 63109,34,2,9,F,3.8,1.1,,25,,75,,4.18,2021,1.045,3.135
"Naomi, Cheyenne",29-Jul,3910 Connecticut St. Saint Louis MO 63116,171,2,1,F,4.2,1.9,,50,,25,,7.98,2021,3.99,1.995
"Naomi, Cheyenne",29-Jul,3910 Connecticut St. Saint Louis MO 63116,171,2,2,F,7.8,2.4,,50,,25,,18.72,2021,9.36,4.68
"Naomi, Cheyenne",29-Jul,3910 Connecticut St. Saint Louis MO 63116,171,2,3,B,13.3,2,,25,,75,,26.6,2021,6.65,19.95
"Naomi, Cheyenne",29-Jul,3910 Connecticut St. Saint Louis MO 63116,171,2,4,B,7.2,1.5,,75,,50,,10.8,2021,8.1,5.4
"Naomi, Cheyenne",29-Jul,3910 Connecticut St. Saint Louis MO 63116,171,2,5,B,4.6,1.8,,75,,25,,8.28,2021,6.21,2.07
"Naomi, Cheyenne",29-Jul,3910 Connecticut St. Saint Louis MO 63116,171,2,6,B,5.7,3,,75,,25,,17.1,2021,12.825,4.275
"Naomi, Cheyenne",29-Jul,3910 Connecticut St. Saint Louis MO 63116,171,2,7,B,3.4,2.1,,75,,25,,7.14,2021,5.355,1.785
"Cheyenne, Elspeth",11-Aug,38 West Old Watson Rd,250,1,1,F,5,0.7,,50,,50,mulched,3.5,2021,1.75,1.75
"Cheyenne, Elspeth",11-Aug,38 West Old Watson Rd,250,1,2,B,3,2.7,,25,,50,tree in middle of bed; mulched,8.1,2021,2.025,4.05
"Cheyenne, Elspeth",11-Aug,38 West Old Watson Rd,250,1,3,B,4.9,1.1,,25,,75,mulched,5.39,2021,1.3475,4.0425
"Cheyenne, Elspeth",11-Aug,38 West Old Watson Rd,250,1,4,B,4.6,2.2,,25,,75,mulched,10.12,2021,2.53,7.59
"Cheyenne, Elspeth",11-Aug,38 West Old Watson Rd,250,1,5,B,1.9,0.5,,50,,50,mulched,0.95,2021,0.475,0.475
"Cheyenne, Elspeth",11-Aug,947 Box Elder dr,185,2,1,F,8.8,1.6,,75,,25,,14.08,2021,10.56,3.52
"Cheyenne, Elspeth",11-Aug,947 Box Elder dr,185,2,2,F,3.7,2.5,,75,,25,,9.25,2021,6.9375,2.3125
"Cheyenne, Elspeth",11-Aug,947 Box Elder dr,185,2,3,S,6.4,1.5,,75,,25,,9.6,2021,7.2,2.4
"Cheyenne, Elspeth",11-Aug,947 Box Elder dr,185,2,4,S,3.3,0.8,,50,,50,,2.64,2021,1.32,1.32
"Cheyenne, Elspeth",11-Aug,947 Box Elder dr,185,2,5,B,3.8,1.2,,75,,25,,4.56,2021,3.42,1.14
"Cheyenne, Elspeth",11-Aug,947 Box Elder dr,185,2,6,B,9.4,1.5,,50,,50,,14.1,2021,7.05,7.05
"Cheyenne, Elspeth",11-Aug,947 Box Elder dr,185,2,7,B,3.7,1.4,,50,,50,,5.18,2021,2.59,2.59
"Cheyenne, Elspeth",11-Aug,947 Box Elder dr,185,2,8,B,1.9,1.3,,75,,25,,2.47,2021,1.8525,0.6175
"Cheyenne, Elspeth",11-Aug,617 Brownell Ave,242,3,1,F,5,8.8,,50,,50,Plants were young,44,2021,22,22
"Cheyenne, Elspeth",11-Aug,617 Brownell Ave,242,3,2,F,5.2,1.9,,50,,50,,9.88,2021,4.94,4.94
"Cheyenne, Elspeth",11-Aug,617 Brownell Ave,242,3,3,F,11.1,15,,50,,50,Mulched path,166.5,2021,83.25,83.25
"Cheyenne, Elspeth",11-Aug,617 Brownell Ave,242,3,4,S,2.5,1.1,,50,,50,,2.75,2021,1.375,1.375
"Cheyenne, Elspeth",11-Aug,617 Brownell Ave,242,3,5,B,3.7,3.5,,50,,25,mulched,12.95,2021,6.475,3.2375
"Cheyenne, Elspeth",11-Aug,805 Country Stone Dr,240,3,1,F,5.3,7.7,,25,,75,,40.81,2021,10.2025,30.6075
"Cheyenne, Elspeth",11-Aug,805 Country Stone Dr,240,3,2,F,5.3,1.2,,75,,25,,6.36,2021,4.77,1.59
"Cheyenne, Elspeth",11-Aug,805 Country Stone Dr,240,3,3,S,8.7,1.5,,75,,25,,13.05,2021,9.7875,3.2625
"Cheyenne, Elspeth",11-Aug,805 Country Stone Dr,240,3,4,B,4.1,2.2,,75,,25,,9.02,2021,6.765,2.255
"Cheyenne, Elspeth",11-Aug,805 Country Stone Dr,240,3,5,B,9,2.1,,50,,50,,18.9,2021,9.45,9.45
"Cheyenne, Elspeth",11-Aug,805 Country Stone Dr,240,3,6,B,1.5,1.4,,25,,50,,2.1,2021,0.525,1.05
"Cheyenne, Elspeth",11-Aug,805 Country Stone Dr,240,3,7,S,11,3.3,,50,,50,,36.3,2021,18.15,18.15
"Cheyenne, Elspeth",11-Aug,805 Country Stone Dr,240,3,8,S,7,3.8,,25,,50,leaf cover,26.6,2021,6.65,13.3
"Cheyenne, Elspeth",11-Aug,805 Country Stone Dr,240,3,9,S,8,3.1,,50,,50,,24.8,2021,12.4,12.4
Cheyenne,16-Aug,7248 Balson Ave,25,3,1,F,6.1,5.2,,75,,25,,31.72,2021,23.79,7.93
Cheyenne,16-Aug,7248 Balson Ave,25,3,2,F,3.5,5.7,,75,,25,,19.95,2021,14.9625,4.9875
Cheyenne,16-Aug,7248 Balson Ave,25,3,3,F,5,2,,50,,50,,10,2021,5,5
Cheyenne,16-Aug,7248 Balson Ave,25,3,4,S,4.6,0.8,,100,,0,,3.68,2021,3.68,0
Cheyenne,16-Aug,7248 Balson Ave,25,3,5,B,5.4,2.8,,25,,25,,15.12,2021,3.78,3.78
Cheyenne,16-Aug,7248 Balson Ave,25,3,6,B,5.4,1,,75,,25,,5.4,2021,4.05,1.35
Cheyenne,16-Aug,7248 Balson Ave,25,3,7,B,5.1,3.4,,75,,25,,17.34,2021,13.005,4.335
Cheyenne,16-Aug,7248 Balson Ave,25,3,8,B,5.3,2.8,,75,,25,,14.84,2021,11.13,3.71
Cheyenne,16-Aug,7248 Balson Ave,25,3,9,B,9,2.9,,75,,25,,26.1,2021,19.575,6.525
Cheyenne,16-Aug,7248 Balson Ave,25,3,10,B,4.2,2.9,,75,,25,,12.18,2021,9.135,3.045
Cheyenne,16-Aug,1029 Dolores Ave,180,2,1,F,3.4,1.1,,25,,75,,3.74,2021,0.935,2.805
Cheyenne,16-Aug,1029 Dolores Ave,180,2,2,F,1.6,1.2,,25,,75,,1.92,2021,0.48,1.44
Cheyenne,16-Aug,1029 Dolores Ave,180,2,3,S,5.7,1.3,,25,,75,,7.41,2021,1.8525,5.5575
Cheyenne,16-Aug,1029 Dolores Ave,180,2,4,B,7,3.5,,75,,25,,24.5,2021,18.375,6.125
Cheyenne,16-Aug,1029 Dolores Ave,180,2,5,B,4.3,3.5,,75,,25,,15.05,2021,11.2875,3.7625
Cheyenne,16-Aug,1029 Dolores Ave,180,2,6,B,15,3,,100,,0,,45,2021,45,0
Cheyenne,16-Aug,1029 Dolores Ave,180,2,7,B,10.9,2.4,,100,,0,,26.16,2021,26.16,0
Cheyenne,16-Aug,1029 Dolores Ave,180,2,8,B,15.4,1.8,,75,,0,,27.72,2021,20.79,0
Cheyenne,16-Aug,11 Covington Lane ,62,5,1,F,15.6,12.3,,75,,25,,191.88,2021,143.91,47.97
Cheyenne,16-Aug,11 Covington Lane ,62,5,2,F,15.6,20.3,,75,,25,,316.68,2021,237.51,79.17
Cheyenne,16-Aug,11 Covington Lane ,62,5,3,F,24.7,3.5,,50,,50,,86.45,2021,43.225,43.225
Cheyenne,16-Aug,11 Covington Lane ,62,5,4,B,7.2,2.5,,75,,25,,18,2021,13.5,4.5
Cheyenne,16-Aug,11 Covington Lane ,62,5,5,B,8.4,7.4,,50,,50,,62.16,2021,31.08,31.08
Cheyenne,16-Aug,11 Covington Lane ,62,5,6,B,8.8,9.8,,75,,25,,86.24,2021,64.68,21.56
Cheyenne,16-Aug,11 Covington Lane ,62,5,7,S,11.9,5.3,,75,,25,,63.07,2021,47.3025,15.7675
Cheyenne,16-Aug,11 Covington Lane ,62,5,8,B,9.2,3,,75,,25,,27.6,2021,20.7,6.9
Cheyenne,16-Aug,11 Covington Lane ,62,5,9,B,4,2,,75,,25,,8,2021,6,2
Cheyenne,16-Aug,11 Covington Lane ,62,5,10,B,3.8,1.6,,50,,50,,6.08,2021,3.04,3.04
Cheyenne,16-Aug,11 Covington Lane ,62,5,11,B,7.4,3.1,,25,,75,,22.94,2021,5.735,17.205
Cheyenne,16-Aug,11 Covington Lane ,62,5,12,B,13.7,3.5,,50,,50,,47.95,2021,23.975,23.975
Cheyenne,16-Aug,11 Covington Lane ,62,5,13,B,7.4,3.5,,50,,50,,25.9,2021,12.95,12.95
Cheyenne,16-Aug,8330 University Drive ,72,3,1,F,3,1.7,,100,,0,,5.1,2021,5.1,0
Cheyenne,16-Aug,8330 University Drive ,72,3,2,S,5.4,2.8,,75,,25,,15.12,2021,11.34,3.78
Cheyenne,16-Aug,8330 University Drive ,72,3,3,S,3.5,6.1,,75,,25,,21.35,2021,16.0125,5.3375
Cheyenne,16-Aug,8330 University Drive ,72,3,4,S,9.2,2.8,,100,,25,,25.76,2021,25.76,6.44
Cheyenne,16-Aug,8330 University Drive ,72,3,5,S,4.6,7.7,,50,,50,,35.42,2021,17.71,17.71
Cheyenne,16-Aug,8330 University Drive ,72,3,6,B,19.3,4.7,,25,,75,,90.71,2021,22.6775,68.0325
Cheyenne,16-Aug,8330 University Drive ,72,3,7,S,8.75,2,,75,,25,,17.5,2021,13.125,4.375
Cheyenne,16-Aug,8330 University Drive ,72,3,8,S,1.9,1.5,,75,,25,,2.85,2021,2.1375,0.7125
Cheyenne,16-Aug,8330 University Drive ,72,3,9,F,16.9,3.3,,100,,0,,55.77,2021,55.77,0
Cheyenne,16-Aug,8330 University Drive ,72,3,10,F,17.6,3.3,,100,,0,,58.08,2021,58.08,0
Cheyenne,16-Aug,8330 University Drive ,72,3,11,S,3.5,3.4,,100,,0,,11.9,2021,11.9,0
Cheyenne,16-Aug,8330 University Drive ,72,3,12,F,6.8,3.1,,75,,50,,21.08,2021,15.81,10.54
Cheyenne,17-Aug,610 Dana Dr,91,2,1,F,2,1.1,,100,,0,,2.2,2021,2.2,0
Cheyenne,17-Aug,610 Dana Dr,91,2,2,F,7.7,0.7,,50,,50,,5.39,2021,2.695,2.695
Cheyenne,17-Aug,610 Dana Dr,91,2,3,F,3.7,0.7,,25,,75,,2.59,2021,0.6475,1.9425
Cheyenne,17-Aug,610 Dana Dr,91,2,4,F,4,4.82,,50,,50,,19.28,2021,9.64,9.64
Cheyenne,17-Aug,610 Dana Dr,91,2,5,B,5.2,1.15,,75,,25,,5.98,2021,4.485,1.495
Cheyenne,17-Aug,610 Dana Dr,91,2,6,B,2.25,1.15,,75,,25,,2.5875,2021,1.940625,0.646875
Cheyenne,17-Aug,610 Dana Dr,91,2,7,S,4.25,1.9,,75,,25,,8.075,2021,6.05625,2.01875
Cheyenne,17-Aug,610 Dana Dr,91,2,8,S,4.6,3,,75,,25,,13.8,2021,10.35,3.45
Cheyenne,17-Aug,610 Dana Dr,91,2,9,S,2.35,1.9,,100,,0,,4.465,2021,4.465,0
Cheyenne,17-Aug,610 Dana Dr,91,2,10,S,5.35,1.45,,50,,50,,7.7575,2021,3.87875,3.87875
Cheyenne,17-Aug,610 Dana Dr,91,2,11,B,19.35,1.6,,75,,25,,30.96,2021,23.22,7.74
Cheyenne,17-Aug,610 Dana Dr,91,2,12,B,6,1.1,,75,,25,,6.6,2021,4.95,1.65
Cheyenne,17-Aug,610 Dana Dr,91,2,13,B,9.1,1.85,,50,,50,,16.835,2021,8.4175,8.4175
Cheyenne,17-Aug,400 S 8TH St,189,2,1,F,10.6,3.1,,25,,75,,32.86,2021,8.215,24.645
Cheyenne,17-Aug,400 S 8TH St,189,2,2,F,4.6,2.35,,75,,25,,10.81,2021,8.1075,2.7025
Cheyenne,17-Aug,400 S 8TH St,189,2,3,F,5.3,1.3,,25,,75,,6.89,2021,1.7225,5.1675
Cheyenne,17-Aug,400 S 8TH St,189,2,4,S,1.2,2,,50,,0,,2.4,2021,1.2,0
Cheyenne,17-Aug,400 S 8TH St,189,2,5,B,2.7,1.3,,75,,0,,3.51,2021,2.6325,0
Cheyenne,17-Aug,400 S 8TH St,189,2,6,B,3.7,3.4,,75,,25,,12.58,2021,9.435,3.145
Cheyenne,17-Aug,400 S 8TH St,189,2,7,B,0.8,0.8,,75,,25,,0.64,2021,0.48,0.16
Cheyenne,17-Aug,400 S 8TH St,189,2,8,B,1.4,0.9,,100,,0,,1.26,2021,1.26,0
Cheyenne,17-Aug,805 S Lafayette St (SBEE 2),195,5,1,S,4,1.6,,25,,75,Lot beside main house,6.4,2021,1.6,4.8
Cheyenne,17-Aug,805 S Lafayette St (SBEE 2),195,5,2,S,3.7,2.9,,75,,25,,10.73,2021,8.0475,2.6825
Cheyenne,17-Aug,805 S Lafayette St (SBEE 2),195,5,3,S,10.5,0.8,,75,,25,,8.4,2021,6.3,2.1
Cheyenne,17-Aug,805 S Lafayette St (SBEE 2),195,5,4,S,4.2,3.1,,100,,0,,13.02,2021,13.02,0
Cheyenne,17-Aug,805 S Lafayette St (SBEE 2),195,5,5,S,4.1,1.45,,100,,0,,5.945,2021,5.945,0
Cheyenne,17-Aug,805 S Lafayette St (SBEE 2),195,5,6,S,8,2,,75,,25,,16,2021,12,4
Cheyenne,17-Aug,805 S Lafayette St (SBEE 2),195,5,7,S,35.4,1.7,,100,,25,,60.18,2021,60.18,15.045
Cheyenne,17-Aug,805 S Lafayette St (SBEE 2),195,5,8,S,8,1.5,,100,,25,,12,2021,12,3
Cheyenne,17-Aug,805 S Lafayette St (SBEE 2),195,5,9,S,18.3,1.5,,100,,0,,27.45,2021,27.45,0
Cheyenne,17-Aug,805 S Lafayette St (SBEE 2),195,5,10,S,5,1.75,,100,,0,,8.75,2021,8.75,0
Cheyenne,17-Aug,805 S Lafayette St (SBEE 2),195,5,11,S,11.4,4.4,,100,,0,,50.16,2021,50.16,0
Cheyenne,17-Aug,805 S Lafayette St (SBEE 2),195,5,12,S,11.4,4.1,,100,,0,,46.74,2021,46.74,0
Cheyenne,17-Aug,805 S Lafayette St (SBEE 2),195,5,13,S,7.15,4.3,,100,,0,,30.745,2021,30.745,0
Cheyenne,17-Aug,805 S Lafayette St (SBEE 2),195,5,14,S,12.5,3.55,,100,,0,,44.375,2021,44.375,0
Cheyenne,17-Aug,805 S Lafayette St (SBEE 2),195,5,15,S,4.15,3.55,,100,,0,,14.7325,2021,14.7325,0
Cheyenne,17-Aug,805 S Lafayette St (SBEE 2),195,5,16,S,9.45,9.75,,100,,0,,92.1375,2021,92.1375,0
Cheyenne,17-Aug,805 S Lafayette St (SBEE 2),195,5,17,S,13.2,6.7,,100,,0,,88.44,2021,88.44,0
Cheyenne,17-Aug,805 S Lafayette St (SBEE 2),195,5,18,S,23,3.5,,75,,25,,80.5,2021,60.375,20.125
Cheyenne,17-Aug,805 S Lafayette St (SBEE 2),195,5,19,S,7.4,2.5,,100,,0,,18.5,2021,18.5,0
Cheyenne,17-Aug,805 S Lafayette St (SBEE 2),195,5,20,S,10.3,3.25,,100,,0,,33.475,2021,33.475,0
Cheyenne,17-Aug,602 S Main St,64,5,1,S,17.4,6.3,,75,,25,,109.62,2021,82.215,27.405
Cheyenne,17-Aug,602 S Main St,64,5,2,S,11,2.7,,100,,0,,29.7,2021,29.7,0
Cheyenne,17-Aug,602 S Main St,64,5,3,S,7.7,1.5,,75,,25,,11.55,2021,8.6625,2.8875
Cheyenne,17-Aug,602 S Main St,64,5,4,S,5.65,1.8,,100,,0,,10.17,2021,10.17,0
Cheyenne,17-Aug,602 S Main St,64,5,5,S,7.6,1.65,,75,,25,,12.54,2021,9.405,3.135
Cheyenne,17-Aug,602 S Main St,64,5,6,S,17.75,6.3,,100,,0,,111.825,2021,111.825,0
Cheyenne,17-Aug,602 S Main St,64,5,7,S,10.9,2.5,,75,,25,,27.25,2021,20.4375,6.8125
Cheyenne,17-Aug,602 S Main St,64,5,8,B,4.9,1.7,,75,,25,,8.33,2021,6.2475,2.0825
Cheyenne,17-Aug,602 S Main St,64,5,9,B,4.9,1.7,,75,,25,,8.33,2021,6.2475,2.0825
Cheyenne,17-Aug,602 S Main St,64,5,10,B,22,4,,75,,25,,88,2021,66,22
Cheyenne,17-Aug,602 S Main St,64,5,11,B,15.2,2.2,,75,,25,,33.44,2021,25.08,8.36
Cheyenne,17-Aug,602 S Main St,64,5,12,B,11.8,1.7,,100,,0,,20.06,2021,20.06,0
Cheyenne,17-Aug,602 S Main St,64,5,13,B,11.8,6,,75,,25,,70.8,2021,53.1,17.7
Cheyenne,17-Aug,602 S Main St,64,5,14,B,10,3.2,,50,,50,,32,2021,16,16
Cheyenne,17-Aug,602 S Main St,64,5,15,B,8.5,6.5,,50,,50,,55.25,2021,27.625,27.625
Cheyenne,17-Aug,602 S Main St,64,5,16,S,13.2,7.8,,75,,25,,102.96,2021,77.22,25.74
Cheyenne,17-Aug,602 S Main St,64,5,17,B,14,3.75,,75,,25,,52.5,2021,39.375,13.125
"Cheyenne, Elspeth",18-Aug,4726 E Swaller Rd,55,5,1,S,27.8,8.5,,100,,0,,236.3,2021,236.3,0
"Cheyenne, Elspeth",18-Aug,4726 E Swaller Rd,55,5,2,F,12,8.6,,100,,0,,103.2,2021,103.2,0
"Cheyenne, Elspeth",18-Aug,4726 E Swaller Rd,55,5,3,F,28.5,31,,100,,0,,883.5,2021,883.5,0
"Cheyenne, Elspeth",18-Aug,4726 E Swaller Rd,55,5,4,F,4.1,3,,75,,25,,12.3,2021,9.225,3.075
"Cheyenne, Elspeth",18-Aug,4726 E Swaller Rd,55,5,5,F,9.8,2,,100,,0,,19.6,2021,19.6,0
"Cheyenne, Elspeth",18-Aug,4726 E Swaller Rd,55,5,6,F,12,1.4,,75,,25,,16.8,2021,12.6,4.2
"Cheyenne, Elspeth",18-Aug,4726 E Swaller Rd,55,5,7,S,5.7,3.1,,100,,0,,17.67,2021,17.67,0
"Cheyenne, Elspeth",18-Aug,4726 E Swaller Rd,55,5,8,B,1.1,1.1,,75,,25,,1.21,2021,0.9075,0.3025
"Cheyenne, Elspeth",18-Aug,4726 E Swaller Rd,55,5,9,S,15.8,2.3,,75,,0,Rock coverage,36.34,2021,27.255,0
"Cheyenne, Elspeth",18-Aug,4726 E Swaller Rd,55,5,10,S,4.6,1.5,,100,,0,,6.9,2021,6.9,0
"Cheyenne, Elspeth",18-Aug,4048 E Shore Dr,120,2,1,F,4.6,1.8,,75,,25,,8.28,2021,6.21,2.07
"Cheyenne, Elspeth",18-Aug,4048 E Shore Dr,120,2,2,S,3.6,2.9,,100,,0,,10.44,2021,10.44,0
"Cheyenne, Elspeth",18-Aug,4048 E Shore Dr,120,2,3,B,1.7,1.2,,75,,25,,2.04,2021,1.53,0.51
"Cheyenne, Elspeth",18-Aug,4048 E Shore Dr,120,2,4,B,1.4,1.3,,50,,50,,1.82,2021,0.91,0.91
"Cheyenne, Elspeth",18-Aug,4048 E Shore Dr,120,2,5,B,3.5,2.3,,50,,50,,8.05,2021,4.025,4.025
"Cheyenne, Elspeth",18-Aug,4048 E Shore Dr,120,2,6,B,7.1,1.2,,75,,25,,8.52,2021,6.39,2.13
"Cheyenne, Elspeth",18-Aug,4048 E Shore Dr,120,2,7,B,2.8,1.5,,50,,50,,4.2,2021,2.1,2.1
"Cheyenne, Elspeth",18-Aug,4048 E Shore Dr,120,2,8,B,5.2,2.7,,50,,50,,14.04,2021,7.02,7.02
"Cheyenne, Elspeth",18-Aug,4048 E Shore Dr,120,2,9,B,4.1,2.3,,50,,50,,9.43,2021,4.715,4.715
"Cheyenne, Elspeth",18-Aug,4048 E Shore Dr,120,2,10,B,1,1,,75,,25,,1,2021,0.75,0.25
"Cheyenne, Elspeth",18-Aug,4048 E Shore Dr,120,2,11,B,1.5,1.5,,75,,25,,2.25,2021,1.6875,0.5625
"Cheyenne, Elspeth",18-Aug,4048 E Shore Dr,120,2,12,B,3.5,1.9,,100,,0,,6.65,2021,6.65,0
"Cheyenne, Elspeth",18-Aug,4048 E Shore Dr,120,2,13,F,6,1.5,,50,,0,mulched,9,2021,4.5,0
"Cheyenne, Elspeth",18-Aug,4048 E Shore Dr,120,2,14,F,8.15,2.5,,50,,0,mulched,20.375,2021,10.1875,0
"Cheyenne, Elspeth",18-Aug,4048 E Shore Dr,120,2,15,F,8.2,2.8,,50,,0,mulched,22.96,2021,11.48,0
"Cheyenne, Elspeth",18-Aug,4048 E Shore Dr,120,2,16,S,26,4.6,,50,,25,tree limbs,119.6,2021,59.8,29.9
Cheyenne,19-Aug,2959 Indian Meadows Lane,232,5,1,F,6.2,3.5,,50,,50,,21.7,2021,10.85,10.85
Cheyenne,19-Aug,2959 Indian Meadows Lane,232,5,2,F,2.45,3.15,,75,,25,,7.7175,2021,5.788125,1.929375
Cheyenne,19-Aug,2959 Indian Meadows Lane,232,5,3,F,3.25,5.2,,50,,50,,16.9,2021,8.45,8.45
Cheyenne,19-Aug,2959 Indian Meadows Lane,232,5,4,F,2.8,2.9,,100,,0,,8.12,2021,8.12,0
Cheyenne,19-Aug,2959 Indian Meadows Lane,232,5,5,F,11.1,2.3,,75,,25,,25.53,2021,19.1475,6.3825
Cheyenne,19-Aug,2959 Indian Meadows Lane,232,5,6,F,7.6,3.7,,75,,25,,28.12,2021,21.09,7.03
Cheyenne,19-Aug,2959 Indian Meadows Lane,232,5,7,S,8.9,2.5,,75,,25,,22.25,2021,16.6875,5.5625
Cheyenne,19-Aug,2959 Indian Meadows Lane,232,5,8,S,16.8,0.75,,25,,75,,12.6,2021,3.15,9.45
Cheyenne,19-Aug,2959 Indian Meadows Lane,232,5,9,S,2.35,2.1,,50,,50,,4.935,2021,2.4675,2.4675
Cheyenne,19-Aug,2959 Indian Meadows Lane,232,5,10,S,3.1,3.7,,75,,25,,11.47,2021,8.6025,2.8675
Cheyenne,19-Aug,2959 Indian Meadows Lane,232,5,11,S,1.6,1.8,,100,,0,,2.88,2021,2.88,0
Cheyenne,19-Aug,2959 Indian Meadows Lane,232,5,12,S,6.25,7,,100,,0,,43.75,2021,43.75,0
Cheyenne,19-Aug,2959 Indian Meadows Lane,232,5,13,F,4.8,1.75,,100,,0,,8.4,2021,8.4,0
Cheyenne,19-Aug,2959 Indian Meadows Lane,232,5,14,F,8.1,3,,75,,25,,24.3,2021,18.225,6.075
Cheyenne,19-Aug,2959 Indian Meadows Lane,232,5,15,F,8.2,1.5,,100,,0,,12.3,2021,12.3,0
Cheyenne,19-Aug,2959 Indian Meadows Lane,232,5,16,F,3.35,2.1,,100,,0,,7.035,2021,7.035,0
Cheyenne,19-Aug,2959 Indian Meadows Lane,232,5,17,F,10.3,4.4,,100,,0,,45.32,2021,45.32,0
Cheyenne,19-Aug,2959 Indian Meadows Lane,232,5,18,F,5.4,3,,75,,25,,16.2,2021,12.15,4.05
Cheyenne,19-Aug,2959 Indian Meadows Lane,232,5,19,F,11.6,7.2,,100,,0,,83.52,2021,83.52,0
Cheyenne,19-Aug,2959 Indian Meadows Lane,232,5,20,S,7.6,3,,75,,25,,22.8,2021,17.1,5.7
Cheyenne,19-Aug,2959 Indian Meadows Lane,232,5,21,S,6.5,3.5,,100,,0,,22.75,2021,22.75,0
Cheyenne,19-Aug,2959 Indian Meadows Lane,232,5,22,S,8.5,4.5,,50,,50,,38.25,2021,19.125,19.125
Cheyenne,19-Aug,2959 Indian Meadows Lane,232,5,23,B,6.1,4.25,,75,,25,,25.925,2021,19.44375,6.48125
Cheyenne,19-Aug,2959 Indian Meadows Lane,232,5,24,B,8.3,3.2,,75,,25,,26.56,2021,19.92,6.64
Cheyenne,19-Aug,2959 Indian Meadows Lane,232,5,25,B,18.9,5.5,,75,,25,,103.95,2021,77.9625,25.9875
Cheyenne,19-Aug,2959 Indian Meadows Lane,232,5,26,B,6.7,8.6,,100,,0,,57.62,2021,57.62,0
Cheyenne,19-Aug,2959 Indian Meadows Lane,232,5,27,B,8.4,3.2,,75,,25,,26.88,2021,20.16,6.72
Cheyenne,19-Aug,2959 Indian Meadows Lane,232,5,28,B,6,3.3,,75,,25,,19.8,2021,14.85,4.95
Cheyenne,19-Aug,2959 Indian Meadows Lane,232,5,29,B,8.6,3.15,,50,,50,,27.09,2021,13.545,13.545
Cheyenne,19-Aug,2959 Indian Meadows Lane,232,5,30,B,4.5,2.8,,75,,25,,12.6,2021,9.45,3.15
Cheyenne,19-Aug,2959 Indian Meadows Lane,232,5,31,B,14.6,1.1,,50,,50,,16.06,2021,8.03,8.03
Cheyenne,19-Aug,2959 Indian Meadows Lane,232,5,32,B,17.4,0.8,,50,,50,,13.92,2021,6.96,6.96
Cheyenne,19-Aug,2959 Indian Meadows Lane,232,5,33,B,17,0.9,,50,,50,,15.3,2021,7.65,7.65
Cheyenne,19-Aug,2959 Indian Meadows Lane,232,5,34,B,20.9,0.75,,50,,50,,15.675,2021,7.8375,7.8375
Cheyenne,19-Aug,2959 Indian Meadows Lane,232,5,35,B,7.2,0.85,,75,,25,,6.12,2021,4.59,1.53
Cheyenne,19-Aug,2959 Indian Meadows Lane,232,5,36,B,26,3.5,,75,,25,,91,2021,68.25,22.75
Cheyenne,19-Aug,2959 Indian Meadows Lane,232,5,37,B,2.5,2.5,,100,,0,,6.25,2021,6.25,0
Cheyenne,19-Aug,2959 Indian Meadows Lane,232,5,38,B,7,2.3,,100,,0,,16.1,2021,16.1,0
Cheyenne,19-Aug,2959 Indian Meadows Lane,232,5,39,B,11.3,2.6,,100,,0,,29.38,2021,29.38,0
Cheyenne,19-Aug,2959 Indian Meadows Lane,232,5,40,B,21,8.7,,75,,25,,182.7,2021,137.025,45.675
Cheyenne,19-Aug,2959 Indian Meadows Lane,232,5,41,B,12.6,7.4,,100,,0,,93.24,2021,93.24,0
Cheyenne,19-Aug,2959 Indian Meadows Lane,232,5,42,B,24,6,,100,,0,,144,2021,144,0
Cheyenne,19-Aug,2959 Indian Meadows Lane,232,5,43,B,14.5,7.3,,100,,0,,105.85,2021,105.85,0
Cheyenne,19-Aug,2959 Indian Meadows Lane,232,5,44,B,14.5,24.8,,100,,0,,359.6,2021,359.6,0
Cheyenne,19-Aug,2959 Indian Meadows Lane,232,5,45,B,55,6,,100,,0,,330,2021,330,0
Cheyenne,19-Aug,2959 Indian Meadows Lane,232,5,46,B,29,3.5,,100,,0,,101.5,2021,101.5,0
Cheyenne,19-Aug,2959 Indian Meadows Lane,232,5,47,B,13.5,3.5,,100,,0,,47.25,2021,47.25,0
Cheyenne,19-Aug,2959 Indian Meadows Lane,232,5,48,B,8,8,,100,,0,,64,2021,64,0
Cheyenne,19-Aug,2959 Indian Meadows Lane,232,5,49,B,24,20.35,,100,,0,,488.4,2021,488.4,0
Cheyenne,19-Aug,2959 Indian Meadows Lane,232,5,50,B,13,20.35,,100,,0,,264.55,2021,264.55,0
Cheyenne,19-Aug,2959 Indian Meadows Lane,232,5,51,B,16,13,,100,,0,,208,2021,208,0
Cheyenne,19-Aug,602 Ostle Dr,60.1,2,1,F,1.8,1,,100,,0,Rock coverage,1.8,2021,1.8,0
Cheyenne,19-Aug,602 Ostle Dr,60.1,2,2,F,1.45,0.6,,100,,0,,0.87,2021,0.87,0
Cheyenne,19-Aug,602 Ostle Dr,60.1,2,3,F,4.8,2.5,,100,,0,,12,2021,12,0
Cheyenne,19-Aug,602 Ostle Dr,60.1,2,4,S,11.3,2.9,,75,,25,,32.77,2021,24.5775,8.1925
Cheyenne,19-Aug,602 Ostle Dr,60.1,2,5,B,6.55,1.8,,50,,50,,11.79,2021,5.895,5.895
Cheyenne,19-Aug,602 Ostle Dr,60.1,2,6,B,4.2,1.35,,25,,25,Rock coverage,5.67,2021,1.4175,1.4175
Cheyenne,19-Aug,602 Ostle Dr,60.1,2,7,B,3.4,1.5,,75,,25,,5.1,2021,3.825,1.275
Cheyenne,19-Aug,602 Ostle Dr,60.1,2,8,B,1.8,1.4,,100,,0,,2.52,2021,2.52,0
Cheyenne,19-Aug,602 Ostle Dr,60.1,2,9,S,7.1,1.1,,50,,50,,7.81,2021,3.905,3.905
"Colby, Alex",7/22/2022,801 Sudbury Drive,15,2,1,S,4.7,3,,2,,1,,,2022,0,0
"Colby, Alex",7/22/2022,801 Sudbury Drive,15,2,2,S,5.15,2.85,,2,,1,,,2022,0,0
"Colby, Alex",7/22/2022,801 Sudbury Drive,15,2,3,F,4.1,2.75,,2,,1,,,2022,0,0
"Colby, Alex",7/22/2022,801 Sudbury Drive,15,2,4,F,9.65,6,,2,,2,,,2022,0,0
"Colby, Alex",7/22/2022,801 Sudbury Drive,15,2,5,F,4.9,4.4,,1,,2,,,2022,0,0
"Colby, Alex",7/22/2022,801 Sudbury Drive,15,2,6,F,9.3,2.35,,2,,2,,,2022,0,0
"Colby, Alex",7/22/2022,801 Sudbury Drive,15,2,7,S,6.7,2.75,,2,,3,,,2022,0,0
"Colby, Alex",7/22/2022,3423 Oxford Boulevard,267,2,1,B,7.45,1,,1,,3,,,2022,0,0
"Colby, Alex",7/22/2022,3423 Oxford Boulevard,267,2,2,B,1.5,2,,1,,2,,,2022,0,0
"Colby, Alex",7/22/2022,3423 Oxford Boulevard,267,2,3,B,2,1.75,,1,,3,,,2022,0,0
"Colby, Alex",7/22/2022,3423 Oxford Boulevard,267,2,4,B,2,1.25,,2,,2,,,2022,0,0
"Colby, Alex",7/22/2022,3423 Oxford Boulevard,267,2,5,B,2.6,1.25,,1,,2,,,2022,0,0
"Colby, Alex",7/22/2022,3423 Oxford Boulevard,267,2,6,B,2.6,1.25,,2,,3,,,2022,0,0
"Colby, Alex",7/22/2022,3423 Oxford Boulevard,267,2,7,B,3.2,1.5,,1,,3,,,2022,0,0
"Colby, Alex",7/22/2022,3423 Oxford Boulevard,267,2,8,B,3.2,1.5,,3,,1,,,2022,0,0
"Colby, Alex",7/22/2022,3423 Oxford Boulevard,267,2,9,F,3.85,3.45,,3,,1,,,2022,0,0
"Colby, Alex",7/22/2022,3423 Oxford Boulevard,267,2,10,S,10.65,0.9,,1,,3,,,2022,0,0
"Colby, Alex",7/22/2022,1288 Boland Place,260,2,1,F,3.7,7.2,,1,,3,,,2022,0,0
"Colby, Alex",7/22/2022,1288 Boland Place,260,2,2,F,3.15,3.35,,1,,3,,,2022,0,0
"Colby, Alex",7/22/2022,1288 Boland Place,260,2,3,F,2.85,2.2,,1,,3,,,2022,0,0
"Colby, Alex",7/22/2022,1288 Boland Place,260,2,4,S,5.9,1.8,,1,,3,,,2022,0,0
"Colby, Alex",7/22/2022,1288 Boland Place,260,2,5,S,1.5,1.4,,2,,2,,,2022,0,0
"Colby, Alex",7/22/2022,1288 Boland Place,260,2,6,S,4.45,1.95,,1,,3,,,2022,0,0
"Colby, Alex",7/22/2022,1288 Boland Place,260,2,7,B,2.85,1.4,,1,,3,,,2022,0,0
"Colby, Alex",7/22/2022,1288 Boland Place,260,2,8,B,4.9,1.2,,1,,2,,,2022,0,0
"Colby, Alex",7/22/2022,1288 Boland Place,260,2,9,B,4.3,1.3,,2,,2,,,2022,0,0
"Colby, Alex",7/22/2022,847 Alexandra Ave ,312,3,1,B,9.65,3.65,,2,,2,,,2022,0,0
"Colby, Alex",7/22/2022,847 Alexandra Ave,312,3,2,B,13,2.85,,3,,1,,,2022,0,0
"Colby, Alex",7/22/2022,847 Alexandra Ave ,312,3,3,B,18.1,2.4,,2,,2,,,2022,0,0
"Colby, Alex",7/22/2022,847 Alexandra Ave ,312,3,4,S,4,1.4,,3,,1,,,2022,0,0
"Colby, Alex",7/22/2022,847 Alexandra Ave ,312,3,5,F,3.9,3.9,,3,,1,,,2022,0,0
"Colby, Alex",7/22/2022,847 Alexandra Ave ,312,3,6,F,3.75,3.2,,2,,2,,,2022,0,0
"Colby, Alex",7/22/2022,847 Alexandra Ave ,312,3,7,S,11.7,1.75,,2,,2,,,2022,0,0
"Colby, Alex",7/22/2022,847 Alexandra Ave ,312,3,8,B,9,1.1,,1,,1,,,2022,0,0
"Colby, Nick",7/27/2022,916 Bellerive Blvd,315,4,1,F,2.55,7.75,,2,,2,,,2022,0,0
"Colby, Nick",7/27/2022,916 Bellerive Blvd,315,4,2,F,1.5,1.75,,2,,2,,,2022,0,0
"Colby, Nick",7/27/2022,916 Bellerive Blvd,315,4,3,F,2.3,5.75,,2,,2,,,2022,0,0
"Colby, Nick",7/27/2022,916 Bellerive Blvd,315,4,4,F,1,4.6,,2,,2,,,2022,0,0
"Colby, Nick",7/27/2022,916 Bellerive Blvd,315,4,5,S,1.2,3.7,,3,,2,,,2022,0,0
"Colby, Nick",7/27/2022,916 Bellerive Blvd,315,4,6,S,2.3,7.3,,3,,1,,,2022,0,0
"Colby, Nick",7/27/2022,916 Bellerive Blvd,315,4,7,S,5.7,5,,3,,1,,,2022,0,0
"Colby, Nick",7/27/2022,916 Bellerive Blvd,315,4,8,B,28,3,,3,,1,,,2022,0,0
"Colby, Nick",7/27/2022,916 Bellerive Blvd,315,4,9,B,8.8,4.15,,3,,1,,,2022,0,0
"Colby, Nick",7/27/2022,916 Bellerive Blvd,315,4,10,B,1.5,1.3,,2,,2,,,2022,0,0
"Colby, Nick",7/27/2022,916 Bellerive Blvd,315,4,11,B,1.7,8.2,,4,,1,,,2022,0,0
"Colby, Nick",7/27/2022,916 Bellerive Blvd,315,4,12,B,9.6,0.8,,4,,1,,,2022,0,0
"Colby, Nick",7/27/2022,765 Greeley Ave,274,3,1,F,1,5.1,,2,,2,,,2022,0,0
"Colby, Nick",7/27/2022,765 Greeley Ave,274,3,2,F,1.3,3.1,,3,,1,,,2022,0,0
"Colby, Nick",7/27/2022,765 Greeley Ave,274,3,3,F,5.1,1.5,,2,,2,,,2022,0,0
"Colby, Nick",7/27/2022,765 Greeley Ave,274,3,4,F,6,1.3,,2,,2,,,2022,0,0
"Colby, Nick",7/27/2022,765 Greeley Ave,274,3,5,F,5.25,1.4,,2,,2,,,2022,0,0
"Colby, Nick",7/27/2022,765 Greeley Ave,274,3,6,B,3.7,0.7,,2,,1,,,2022,0,0
"Colby, Nick",7/27/2022,765 Greeley Ave,274,3,7,B,2.7,1.35,,2,,2,,,2022,0,0
"Colby, Nick",7/27/2022,7324 Brunswick ,306,3,1,F,5.1,2.2,,2,,2,,,2022,0,0
"Colby, Nick",7/27/2022,7324 Brunswick ,306,3,2,F,7.6,1.7,,2,,2,,,2022,0,0
"Colby, Nick",7/27/2022,7324 Brunswick ,306,3,3,F,4.1,3.6,,3,,1,,,2022,0,0
"Colby, Nick",7/27/2022,7324 Brunswick ,306,3,4,B,8.8,1.6,,3,,1,,,2022,0,0
"Colby, Nick",7/27/2022,7324 Brunswick ,306,3,5,B,14.3,2.6,,2,,1,,,2022,0,0
"Colby, Nick",7/27/2022,7324 Brunswick ,306,3,6,B,2.7,1.4,,2,,2,,,2022,0,0
"Colby, Nick",7/27/2022,7324 Brunswick ,306,3,7,B,0.6,1,,1,,2,,,2022,0,0
"Colby, Nick",7/27/2022,7324 Brunswick ,306,3,8,B,3.1,1.3,,3,,1,,,2022,0,0
"Colby, Nick",7/27/2022,609 Nirk Ave,308,3,1,F,3.15,8.4,,3,,1,,,2022,0,0
"Colby, Nick",7/27/2022,609 Nirk Ave,308,3,2,F,2.25,15.2,,1,,3,,,2022,0,0
"Colby, Nick",7/27/2022,609 Nirk Ave,308,3,3,F,2.2,2.85,,1,,3,,,2022,0,0
"Colby, Nick",7/27/2022,609 Nirk Ave,308,3,4,F,2.3,6.5,,2,,2,,,2022,0,0
"Colby, Nick",7/27/2022,609 Nirk Ave,308,3,5,B,1.25,1.25,,2,,1,,,2022,0,0
"Colby, Nick",7/27/2022,609 Nirk Ave,308,3,6,B,1.25,1.25,,2,,1,,,2022,0,0
"Colby, Nick",7/27/2022,609 Nirk Ave,308,3,7,B,1.25,1.25,,2,,1,,,2022,0,0
"Colby, Nick",7/27/2022,609 Nirk Ave,308,3,8,B,1.25,1.25,,2,,1,,,2022,0,0
"Colby, Nick",7/27/2022,609 Nirk Ave,308,3,9,B,1.25,1.25,,2,,1,,,2022,0,0
"Colby, Nick",7/27/2022,609 Nirk Ave,308,3,10,B,0.7,0.7,,2,,1,,,2022,0,0
"Colby, Nick",7/27/2022,609 Nirk Ave,308,3,11,B,0.7,0.7,,2,,1,,,2022,0,0
"Colby, Nick",7/27/2022,609 Nirk Ave,308,3,12,B,0.7,0.7,,2,,1,,,2022,0,0
"Colby, Nick",7/27/2022,7115 Weber Road,302,3,1,F,6,1,,3,,1,,,2022,0,0
"Colby, Nick",7/27/2022,7115 Weber Road,302,3,2,F,3.3,0.5,,3,,1,,,2022,0,0
"Colby, Nick",7/27/2022,7115 Weber Road,302,3,3,F,4.8,2.2,,2,,2,,,2022,0,0
"Colby, Nick",7/27/2022,7115 Weber Road,302,3,4,B,6.4,0.9,,3,,1,,,2022,0,0
"Colby, Nick",7/27/2022,7115 Weber Road,302,3,5,B,6.4,1.4,,3,,2,,,2022,0,0
"Colby, Nick",7/27/2022,7115 Weber Road,302,3,6,B,11.5,4.4,,2,,2,,,2022,0,0
"Colby, Nick",7/27/2022,7115 Weber Road,302,3,7,B,2.6,1,,1,,2,,,2022,0,0
"Colby, Nick",7/27/2022,7115 Weber Road,302,3,8,B,2.2,3,,2,,2,,,2022,0,0
"Colby, Nick",7/27/2022,3812 Fillmore Street,286,2,1,B,1.1,6.2,,4,,1,,,2022,0,0
"Colby, Nick",7/27/2022,3812 Fillmore Street,286,2,2,B,2.1,2.4,,3,,2,,,2022,0,0
"Colby, Nick",7/27/2022,3812 Fillmore Street,286,2,3,B,1,4.6,,2,,2,,,2022,0,0
"Colby, Nick",7/27/2022,3812 Fillmore Street,286,2,4,B,0.75,4.5,,2,,2,,,2022,0,0
"Colby, Nick",7/27/2022,3812 Fillmore Street,286,2,5,F,2,4.5,,2,,2,,,2022,0,0
"Colby, Alex",7/28/2022,4565 Tower Grove Place,263,3,1,F,5.6,1.3,,1,,3,,,2022,0,0
"Colby, Alex",7/28/2022,4566 Tower Grove Place,263,3,2,F,5.6,1.3,,1,,3,,,2022,0,0
"Colby, Alex",7/28/2022,4567 Tower Grove Place,263,3,3,B,20.6,4.7,,3,,2,,,2022,0,0
"Colby, Alex",7/28/2022,4568 Tower Grove Place,263,3,4,B,4,2.4,,2,,2,,,2022,0,0
"Colby, Alex",7/28/2022,4569 Tower Grove Place,263,3,5,B,4.2,0.7,,2,,2,,,2022,0,0
"Colby, Alex",7/28/2022,4570 Tower Grove Place,263,3,6,B,2.5,0.9,,2,,2,,,2022,0,0
"Colby, Alex",7/28/2022,4571 Tower Grove Place,263,3,7,B,4.4,4.6,,2,,1,,,2022,0,0
"Colby, Alex",7/28/2022,4572 Tower Grove Place,263,3,8,B,22.5,4.5,,2,,2,,,2022,0,0
"Colby, Alex",7/28/2022,5501 Connecticut St,279,3,1,F,2.85,1.45,,2,,2,,,2022,0,0
"Colby, Alex",7/28/2022,5501 Connecticut St,279,3,2,F,2.85,1.45,,2,,2,,,2022,0,0
"Colby, Alex",7/28/2022,5501 Connecticut St,279,3,3,B,5.35,3.15,,3,,1,,,2022,0,0
"Colby, Alex",7/28/2022,5501 Connecticut St,279,3,4,B,6.8,2.15,,3,,1,,,2022,0,0
"Colby, Alex",7/28/2022,5501 Connecticut St,279,3,5,B,7.7,7.9,,3,,1,,,2022,0,0
"Colby, Alex",7/28/2022,5501 Connecticut St,279,3,6,B,1.4,1,,1,,3,,,2022,0,0
"Colby, Alex",7/28/2022,4167 McRee Ave ,292,3,1,B,24.65,1.4,,3,,1,,,2022,0,0
"Colby, Alex",7/28/2022,4168 McRee Ave ,292,3,2,B,3.05,1.6,,2,,2,,,2022,0,0
"Colby, Alex",7/28/2022,4169 McRee Ave ,292,3,3,B,3.05,1.6,,2,,2,,,2022,0,0
"Colby, Alex",7/28/2022,4170 McRee Ave ,292,3,4,B,5.7,0.8,,2,,1,,,2022,0,0
"Colby, Alex",7/28/2022,4171 McRee Ave ,292,3,5,B,6,1.1,,2,,2,,,2022,0,0
"Colby, Alex",7/28/2022,4172 McRee Ave ,292,3,6,B,3.7,2.2,,2,,2,,,2022,0,0
"Colby, Alex",7/28/2022,4173 McRee Ave ,292,3,7,B,4.8,1.2,,2,,1,,,2022,0,0
"Colby, Alex",7/28/2022,4174 McRee Ave ,292,3,8,F,2.9,1.1,,1,,2,,,2022,0,0
"Colby, Alex",7/28/2022,4175 McRee Ave ,292,3,9,F,6.2,1.7,,1,,2,,,2022,0,0
"Colby, Alex",7/28/2022,4176 McRee Ave ,292,3,10,F,4.75,2.5,,3,,1,,,2022,0,0
"Colby, Alex",7/28/2022,4177 McRee Ave ,292,3,11,F,4.75,1,,1,,2,,,2022,0,0
"Colby, Alex",7/28/2022,4178 McRee Ave ,292,3,12,F,,1,,1,,1,,,2022,0,0
"Colby, Amber",7/29/2022,1629 Andrew Dr,290,2,1,F,2.3,7,,3,,1,,,2022,0,0
"Colby, Amber",7/29/2022,1629 Andrew Dr,290,2,2,F,3.1,2.8,,2,,1,,,2022,0,0
"Colby, Amber",7/29/2022,1629 Andrew Dr,290,2,3,F,4.1,2.4,,2,,2,,,2022,0,0
"Colby, Amber",7/29/2022,1629 Andrew Dr,290,2,4,B,3.6,2.1,,2,,1,,,2022,0,0
"Colby, Amber",7/29/2022,1629 Andrew Dr,290,2,5,B,3,1.1,,3,,2,,,2022,0,0
"Colby, Amber",7/29/2022,1629 Andrew Dr,290,2,6,B,3.9,1.7,,2,,2,,,2022,0,0
"Colby, Amber",7/29/2022,1629 Andrew Dr,290,2,7,B,2.6,5.3,,1,,3,,,2022,0,0
"Colby, Amber",7/29/2022,1629 Andrew Dr,290,2,8,B,2.4,2.75,,1,,3,,,2022,0,0
"Colby, Amber",7/29/2022,1028 Fairmount Ave,310,3,1,B,6.75,1.5,,3,,1,,,2022,0,0
"Colby, Amber",7/29/2022,1028 Fairmount Ave,310,3,2,B,3.7,1.5,,3,,1,,,2022,0,0
"Colby, Amber",7/29/2022,1028 Fairmount Ave,310,3,3,B,6.5,2,,2,,2,,,2022,0,0
"Colby, Amber",7/29/2022,1028 Fairmount Ave,310,3,4,B,3.8,0.6,,2,,1,,,2022,0,0
"Colby, Amber",7/29/2022,1028 Fairmount Ave,310,3,5,B,2.7,2.4,,2,,1,,,2022,0,0
"Colby, Amber",7/29/2022,1028 Fairmount Ave,310,3,6,B,3.2,0.8,,2,,1,,,2022,0,0
"Colby, Amber",7/29/2022,1028 Fairmount Ave,310,3,7,F,3,2,,2,,1,,,2022,0,0
"Colby, Amber",7/29/2022,1028 Fairmount Ave,310,3,8,F,4.5,1.6,,3,,1,,,2022,0,0
"Colby, Amber",7/29/2022,1028 Fairmount Ave,310,3,9,,2.5,2.2,,3,,1,,,2022,0,0
"Colby, Amber",7/29/2022,7519 Gannon Ave,278,1,1,B,4,4,,1,,3,,,2022,0,0
"Colby, Amber",7/29/2022,7519 Gannon Ave,278,1,2,B,3.7,2.4,,2,,2,,,2022,0,0
"Colby, Amber",7/29/2022,7519 Gannon Ave,278,1,3,B,14.3,1.6,,2,,2,,,2022,0,0
"Colby, Amber",7/29/2022,7519 Gannon Ave,278,1,4,B,7,1.3,,1,,2,,,2022,0,0
"Colby, Amber",7/29/2022,7519 Gannon Ave,278,1,5,F,3.7,2.8,,1,,3,,,2022,0,0
"Colby, Amber",7/29/2022,7519 Gannon Ave,278,1,6,F,4.8,2.7,,1,,3,,,2022,0,0
"Colby, Amber",7/29/2022,7519 Gannon Ave,278,1,7,S,18.5,1.3,,1,,3,,,2022,0,0
"Colby, Amber",7/29/2022,7519 Gannon Ave,278,1,8,F,4.5,2.7,,1,,3,,,2022,0,0
"Colby, Amber",7/29/2022,7519 Gannon Ave,278,1,9,F,1.5,1.5,,1,,3,,,2022,0,0
"Colby, Nina",7/29/2022,30 Portland Place,265,3,1,F,5.7,2.8,,3,,2,,,2022,0,0
"Colby, Nina",7/29/2022,30 Portland Place,265,3,2,B,17.7,23.9,,1,,3,whole backyard,,2022,0,0
"Colby, Nick",8/1/2022,5 Glaizeview Road,311,2,1,B,1.7,1.9,,3,,1,,,2022,0,0
"Colby, Nick",8/1/2022,5 Glaizeview Road,311,2,2,B,6.1,8.1,,2,,3,,,2022,0,0
"Colby, Nick",8/1/2022,5 Glaizeview Road,311,2,3,B,1.1,1.8,,1,,3,,,2022,0,0
"Colby, Nick",8/1/2022,5 Glaizeview Road,311,2,4,B,3.7,3,,1,,3,,,2022,0,0
"Colby, Nick",8/1/2022,5 Glaizeview Road,311,2,5,B,5.4,1.3,,1,,3,,,2022,0,0
"Colby, Nick",8/1/2022,5 Glaizeview Road,311,2,6,B,4,2.5,,2,,2,,,2022,0,0
"Colby, Nick",8/1/2022,5 Glaizeview Road,311,2,7,B,0.8,1.8,,1,,3,,,2022,0,0
"Colby, Nick",8/1/2022,5 Glaizeview Road,311,2,8,F,1.2,1.4,,1,,3,,,2022,0,0
"Colby, Nick",8/1/2022,5 Glaizeview Road,311,2,9,F,4,1.8,,1,,3,,,2022,0,0
"Colby, Nick",8/1/2022,5 Glaizeview Road,311,2,10,F,1.5,2,,2,,2,,,2022,0,0
"Colby, Nick",8/2/2022,2118 Victor Street,285,3,1,F,2.3,0.5,,1,,2,,,2022,0,0
"Colby, Nick",8/2/2022,2118 Victor Street,285,3,2,B,6.3,0.6,,2,,2,,,2022,0,0
"Colby, Nick",8/2/2022,2118 Victor Street,285,3,3,B,6.3,0.6,,2,,3,,,2022,0,0
"Colby, Nick",8/2/2022,2118 Victor Street,285,3,4,B,1,0.7,,3,,1,,,2022,0,0
"Colby, Nick",8/2/2022,2118 Victor Street,285,3,5,B,4.5,3,,2,,2,,,2022,0,0
"Nick, Colby",8/3/2022,869 Oakbrook Lane,314,2,1,F,2.3,3.3,,2,,2,,,2022,0,0
"Nick, Colby",8/3/2022,869 Oakbrook Lane,314,2,2,F,2.9,5.5,,1,,3,,,2022,0,0
"Nick, Colby",8/3/2022,869 Oakbrook Lane,314,2,3,F,3.2,3.7,,1,,2,,,2022,0,0
"Nick, Colby",8/3/2022,869 Oakbrook Lane,314,2,4,F,3,3.7,,1,,1,,,2022,0,0
"Nick, Colby",8/3/2022,869 Oakbrook Lane,314,2,5,F,3.6,2.7,,2,,2,,,2022,0,0
"Nick, Colby",8/3/2022,869 Oakbrook Lane,314,2,6,B,8.15,4.25,,2,,2,,,2022,0,0
"Nick, Colby",8/3/2022,869 Oakbrook Lane,314,2,7,B,1.1,1.1,,1,,3,,,2022,0,0
"Nick, Colby",8/3/2022,869 Oakbrook Lane,314,2,8,B,1.5,7.5,,2,,2,,,2022,0,0
"Nick, Colby",8/3/2022,869 Oakbrook Lane,314,2,9,B,0.9,5.5,,2,,2,,,2022,0,0
"Nick, Colby",8/3/2022,869 Oakbrook Lane,314,2,10,B,2.2,1.3,,2,,2,,,2022,0,0
"Nick, Colby",8/3/2022,869 Oakbrook Lane,314,2,11,B,1.35,0.7,,1,,3,,,2022,0,0
"Nick, Colby",8/3/2022,2465 Ashland Ave,269,2,1,F,0.9,3.1,,1,,3,,,2022,0,0
"Nick, Colby",8/3/2022,2465 Ashland Ave,269,2,2,F,0.9,3.1,,1,,3,,,2022,0,0
"Nick, Colby",8/3/2022,2465 Ashland Ave,269,2,3,B,2.9,3.1,,2,,2,,,2022,0,0
"Nick, Colby",8/3/2022,8203 Garfield Ave,316,3,1,F,1.1,0.8,,1,,2,,,2022,0,0
"Nick, Colby",8/3/2022,8203 Garfield Ave,316,3,2,F,6.8,7.2,,3,,1,,,2022,0,0
"Nick, Colby",8/3/2022,8203 Garfield Ave,316,3,3,F,10.3,3.8,,3,,2,,,2022,0,0
"Nick, Colby",8/3/2022,8203 Garfield Ave,316,3,4,B,4,1.4,,3,,1,,,2022,0,0
"Nick, Colby",8/10/2022,3 Balero Court,300,2,1,F,1.15,0.9,,3,,1,,,2022,0,0
"Nick, Colby",8/10/2022,3 Balero Court,300,2,2,F,2.1,2.3,,2,,2,,,2022,0,0
"Nick, Colby",8/10/2022,3 Balero Court,300,2,3,F,4.5,2.95,,2,,2,,,2022,0,0
"Nick, Colby",8/10/2022,3 Balero Court,300,2,4,F,1.1,1.8,,2,,2,,,2022,0,0
"Nick, Colby",8/10/2022,3 Balero Court,300,2,5,F,0.8,0.8,,2,,2,,,2022,0,0
"Nick, Colby",8/10/2022,3 Balero Court,300,2,6,F,2.7,2.4,,1,,3,,,2022,0,0
"Nick, Colby",8/10/2022,3 Balero Court,300,2,7,S,1.5,7.5,,3,,1,,,2022,0,0
"Nick, Colby",8/10/2022,3 Balero Court,300,2,8,B,1.2,12,,3,,1,,,2022,0,0
"Nick, Colby",8/10/2022,3 Balero Court,300,2,9,B,3.65,41.3,,3,,1,,,2022,0,0
"Nick, Colby",8/10/2022,3 Balero Court,300,2,10,F,2.75,3.2,,2,,2,Neighbors yard,,2022,0,0
"Nick, Colby",8/10/2022,3 Balero Court,300,2,11,F,2.5,5.9,,3,,1,Neighbors yard,,2022,0,0
"Nick, Colby",8/10/2022,3 Balero Court,300,2,12,S,3.7,2.5,,3,,1,Neighbors yard,,2022,0,0
"Nick, Colby",8/10/2022,3 Balero Court,300,2,13,S,1.1,2.5,,2,,2,Neighbors yard,,2022,0,0
"Nick, Colby",8/10/2022,26 South Meadow Drive,317,3,1,F,3.2,1.1,,2,,1,,,2022,0,0
"Nick, Colby",8/10/2022,26 South Meadow Drive,317,3,2,F,1.8,0.7,,2,,1,,,2022,0,0
"Nick, Colby",8/10/2022,26 South Meadow Drive,317,3,3,S,2.2,1.4,,1,,1,,,2022,0,0
"Nick, Colby",8/10/2022,26 South Meadow Drive,317,3,4,S,7.8,1.4,,3,,1,,,2022,0,0
"Nick, Colby",8/10/2022,26 South Meadow Drive,317,3,5,B,0.7,0.5,,1,,2,,,2022,0,0
"Nick, Colby",8/10/2022,26 South Meadow Drive,317,3,6,B,1.1,0.7,,1,,2,,,2022,0,0
"Nick, Colby",8/10/2022,26 South Meadow Drive,317,3,7,B,1,4.5,,2,,2,,,2022,0,0
"Nick, Colby",8/10/2022,26 South Meadow Drive,317,3,8,B,4.5,1,,2,,1,,,2022,0,0
"Nick, Colby",8/10/2022,26 South Meadow Drive,317,3,9,B,1.9,0.8,,2,,1,,,2022,0,0
"Nick, Colby",8/10/2022,26 South Meadow Drive,317,3,10,B,1.1,9,,3,,1,,,2022,0,0
"Nick, Colby",8/10/2022,26 South Meadow Drive,317,3,11,B,1.6,0.9,,2,,1,,,2022,0,0
"Nick, Colby",8/10/2022,26 South Meadow Drive,317,3,12,B,2.7,1.4,,3,,1,,,2022,0,0
"Colby, Coral",8/11/2022,1107 Trinket Ct.,305,5,1,F,5,3.8,,2,,2,,,2022,0,0
"Colby, Coral",8/11/2022,1107 Trinket Ct.,305,5,2,F,6.4,8,,3,,1,,,2022,0,0
"Colby, Coral",8/11/2022,1107 Trinket Ct.,305,5,3,F,3.9,4.85,,3,,1,,,2022,0,0
"Colby, Coral",8/11/2022,1107 Trinket Ct.,305,5,4,F,1.6,6.7,,2,,1,,,2022,0,0
"Colby, Coral",8/11/2022,1107 Trinket Ct.,305,5,5,F,4.7,2.15,,2,,2,,,2022,0,0
"Colby, Coral",8/11/2022,1107 Trinket Ct.,305,5,6,F,4.8,11.9,,3,,1,,,2022,0,0
"Colby, Coral",8/11/2022,1107 Trinket Ct.,305,5,7,B,13.3,22.2,,4,,1,whole back yard,,2022,0,0
"Colby, Coral",8/11/2022,1107 Trinket Ct.,305,5,8,S,8.6,2.3,,2,,1,veggie garden,,2022,0,0
"Colby, Coral",8/11/2022,1107 Trinket Ct.,305,5,9,S,5,16.5,,2,,2,veggie garden,,2022,0,0
Colby,8/12/2022,7101 State Route 158,283,3,1,F,6.2,7.6,,1,,3,veggie garden,,2022,0,0
Colby,8/12/2022,7101 State Route 158,283,3,2,F,5.8,5.8,,2,,2,along highway,,2022,0,0
Colby,8/12/2022,7101 State Route 158,283,3,3,F,2.3,8.6,,1,,3,highway side of barn,,2022,0,0
Colby,8/12/2022,7101 State Route 158,283,3,4,F,3.8,41.5,,2,,2,behind barn,,2022,0,0
Colby,8/12/2022,7101 State Route 158,283,3,5,F,31,0.7,,1,,2,forest side of barn,,2022,0,0
Colby,8/12/2022,7101 State Route 158,283,3,6,F,7.6,8.3,,2,,3,,,2022,0,0
Colby,8/12/2022,7101 State Route 158,283,3,7,F,1.4,2.9,,2,,2,,,2022,0,0
Colby,8/12/2022,7101 State Route 158,283,3,8,F,2,2.1,,2,,2,,,2022,0,0
Colby,8/12/2022,7101 State Route 158,283,3,9,F,3.7,8.5,,3,,1,,,2022,0,0
Colby,8/12/2022,7101 State Route 158,283,3,10,F,1,8.6,,2,,2,,,2022,0,0
Colby,8/12/2022,7101 State Route 158,283,3,11,F,1.8,7.3,,2,,1,,,2022,0,0
Colby,8/12/2022,7101 State Route 158,283,3,12,F,6,3.3,,2,,2,,,2022,0,0
Colby,8/12/2022,7101 State Route 158,283,3,13,F,10.2,5.1,,1,,3,by pond,,2022,0,0
Colby,8/12/2022,7101 State Route 158,283,3,14,B,10.1,13.9,,2,,2,by pond,,2022,0,0
Colby,8/12/2022,7101 State Route 158,283,3,15,B,13,7.5,,1,,3,by pond,,2022,0,0
